 ID,f1,f2,f3,f4,f5,f6,f7,f8,f9,f10,f11,f12,f13,f14,f15,f16,f17,f18,f19,f20,f21,f22,f23,f24,f25,f26,f27,f28,f29,f30,f31,f32,f33,f34,f35,f36,f37,f38,f39,f40,f41,f42,f43,f44,f45,f46,f47,f48,f49,f50,f51,f52,f53,f54,f55,f56,f57,Label
t1,0,0,0,0,0,0,0,2.5,0,0,0,0,0,0,0,0,1.25,0,0,0,0,0,0,0,0,0,0,0,0,0,0,0,0,0,0,0,0,0,0,0,0,0,0,0,1.25,0,0,0,0,0.182,0,0,0.182,0,3.545,21,78,1
t2,0.31,0,0.63,1.91,0.21,0,0,0,0.42,0.1,0,0.31,0,0,0,0.53,0,0,1.7,0,1.06,0,0,0.21,0,0,0,0,0,0,0,0,0,0,0,0,0,0.1,0,0,0,0,0.1,0,0,0,0,0,0,0.169,0,0.358,0.188,0.075,2.847,75,447,1
t3,0,0.75,0.37,0,0,0,0.75,0,0,0.37,0,0.75,0,0,0,1.87,0.37,0,2.63,0,1.5,0,0,0,0,0,0,0,0,0,0,0,0,0,0,0,0,0,0,0,0,0,0,0,0.37,0,0,0,0,0,0,0.242,0,0.145,9.584,332,508,1
t4,0,1.96,0.98,0,0,0,1.96,0,0,0,0,0,0,0,0,0.98,0,0,0.98,0,0.98,0,0,0,0,0,0,0,0,0,0,0,0,0,0,0,0,0,0,0,0,0,0,0,0.98,0,0,0,0,0.168,0,1.011,0,0,2.888,12,52,1
t5,0.51,0.43,0.29,0,0.14,0.03,0,0.18,0.54,0.62,0.29,0.65,0.65,1.2,0.03,0.21,0.43,0.03,3,0,1.35,0,0.51,0.54,0,0,0,0,0,0,0,0,0,0,0,0,0,0,0,0,0,0,0,0,0.03,0,0,0,0.012,0.08,0,0.454,0.523,0.136,6.59,739,2333,1
t6,0.2,0.4,0.4,0,0,0.4,0,0.2,1.43,0.61,0,0.2,0,0,0,0,0,0,2.66,0.2,2.04,0,0,0.61,0,0,0,0,0,0,0,0,0,0,0,0,0,0,0,0,0,0,0,0,0.2,0,0,0,0.029,0.059,0.447,0.298,0.149,0.029,11.96,376,909,1
t7,0,0,0,0,0,0,0,0,0,0,0,0,0,2.06,0,0,0,0,0,0,0,0,0,0,0,0,0,0,0,0,0,0,0,0,0,1.03,0,0,0,0,0,0,0,0,1.03,0,0,0,0,0.17,0,0.17,0.341,0,3.809,24,80,1
t8,0,0,1.31,0,0,0,0,0,0,0,0,1.31,0,0,0,0,0,0,1.31,0,5.26,0,0,1.31,0,0,0,0,0,0,0,0,0,0,0,0,0,0,0,0,0,0,0,0,0,0,0,0,0,0,0,0,0.21,0,4.5,25,54,1
t9,0,0,0,0,0,0.54,1.63,0,0,0,0.54,0.54,0,0,0,0.54,2.73,0.54,4.91,0,2.18,0,0,0,0,0,0,0,0,0,0,0,0,0,0,0,0,0,0,0,0,0,0,0,0,0,0,0,0,0,0,0,0.171,0,2.592,32,70,1
t10,0,0,0,0,0,0.65,0,1.3,0.65,0.65,0,0,0,0,0,0.65,2.61,0.65,1.3,3.26,1.3,0,0,0,0,0,0,0,0,0,0,0,0,0,0,0,0,0,0,0.65,0,0,0,0,0,0,0,0,0,0,0,1.154,0.524,0,3.89,78,249,1
t11,2.35,0,0,0,0,0,2.35,0,2.35,0,0,1.17,0,0,0,1.17,0,0,2.35,0,0,0,2.35,0,0,0,0,0,0,0,0,0,0,0,0,0,0,0,0,0,0,0,0,0,0,0,0,0,0,0,0,0.168,0.336,0,4.576,17,119,1
t12,0,0,0.32,0,0.65,0.65,0.32,0.32,0,0,0,0.32,0.32,0,0,0.32,0.32,0,2.28,0,3.25,0,0,0.32,0,0,0,0,0,0,0,0,0,0,0,0,0,0,0,0,0,0,0,0,0.32,0,0,0,0,0.112,0,0,0.169,0,1.494,10,139,1
t13,0,0,0,0,0,0,0,0,0,0,0,0,0,0,0,0.25,0,0,0,0,0,8.29,0.51,0,0,0,0,0,0,0,0,0,0,0,0,0,0,0,0,0,0,0,0,0,0,0,0,0,0.218,0.087,0,0.174,0.174,0.437,9.186,126,937,1
t14,0,0,0.24,0,0.49,0,0,0.24,0,0.24,0.24,0.49,0,0,0,0.99,0.24,0,2.47,0,0.74,0,0,0,0,0,0,0,0,0,0,0,0,0,0,0,0,0,0,0,0,0,0,0,0,0,0,0,0,0,0,0.478,0,0,2.868,44,175,1
t15,0,0,0.32,0,0.64,0.64,0.32,0.64,0,0,0,0.32,0.32,0,0,0.32,0.32,0,2.27,0,3.24,0,0,0.32,0,0,0,0,0,0,0,0,0,0,0,0,0,0,0,0,0,0,0,0,0.64,0,0,0,0,0.112,0,0,0.168,0,1.494,10,139,1
t16,0,0,0.32,0,0.64,0.64,0.32,0.64,0,0,0,0.32,0.32,0,0,0.32,0.32,0,2.27,0,3.24,0,0,0.32,0,0,0,0,0,0,0,0,0,0,0,0,0,0,0,0,0,0,0,0,0.64,0,0,0,0,0.112,0,0,0.168,0,1.494,10,139,1
t17,0.78,0,0.78,0,1.56,0,0,0,0,0,0,0,0,0,0,0.78,0.78,0,1.56,0,2.34,0,0.78,0,0,0,0,0,0,0,0,0,0,0,0,0,0,0,0,0,0,0,0,0,0,0,0,0,0,0,0,0.792,0.339,0,2.627,22,113,1
t18,0,0,0,0,0,0,0,0.4,0,0,0,0,0,0,0,0,0,0.4,0.4,0,0.4,7.63,0.8,0,0,0,0,0,0,0,0,0,0,0,0,0,0,0,0,0,0,0,0,0,0,0,0,0,0,0.133,0,0.601,0.133,1.068,10.578,108,603,1
t19,0.78,0,0.78,0,1.57,0,0,0,0,0,0,0,0,0,0,1.57,0.78,0,1.57,0,2.36,0,0.78,0,0,0,0,0,0,0,0,0,0,0,0,0,0,0,0,0,0,0,0,0,0,0,0,0,0,0,0,0.682,0.341,0,2.555,22,115,1
t20,0,0.75,0.37,0,1.51,0,0,0.37,0,0.37,0.75,1.89,0,0,0,0.75,0.37,1.13,6.06,0,4.16,0,0,0,0,0,0,0,0,0,0,0,0,0,0,0,0,0,0,0.37,0,0,0,0,0,0,0,0,0,0,0,0.415,0.138,0,1.937,11,93,1
t21,0,0,0,0,0.96,0,0.96,0,0,0.48,0.48,0.96,0,0,0,1.44,0,0,3.36,0,0.96,0,0,0,0,0,0,0,0,0,0,0,0,0,0,0,0,0,0,0,0,0,0,0,0,0,0,0,0,0.149,0,0.149,0.074,0,2.586,44,150,1
t22,0,0,0,0,0.43,0.43,0.43,0.43,0,0,0,0.43,0,0,0,0,0,0,0.87,0,0,9.17,0,0,0,0,0,0,0,0,0,0,0,0,0,0,0,0,0,0,0,0,0,0,0,0,0,0,0,0,0,0.395,0,1.121,7.983,72,495,1
t23,0.78,0,0.78,0,1.57,0,0,0,0,0,0,0,0,0,0,1.57,0.78,0,1.57,0,2.36,0,0.78,0,0,0,0,0,0,0,0,0,0,0,0,0,0,0,0,0,0,0,0,0,0,0,0,0,0,0,0,0.682,0.341,0,2.555,22,115,1
t24,0,0.81,1.62,0,2.43,0,0,0,0,0.81,0,0,0,0,0,0.81,0,0.81,2.43,0.81,0.81,0,0,0,0,0,0,0,0,0,0,0,0,0,0,0,0,0,0,0,0,0,0,0,0,0,0,0,0,0.121,0,0.121,0,0,4.035,43,113,1
t25,0.38,0.46,0.31,0,0.15,0.03,0,0.19,0.58,0.66,0.31,0.66,0.58,1.24,0.03,0.23,0.38,0,3.11,0,1.32,0,0.46,0.38,0,0,0,0,0,0,0,0,0,0,0,0,0,0,0,0,0,0,0,0,0.03,0,0,0,0.006,0.091,0,0.36,0.524,0.137,6.186,122,2227,1
t26,0.43,0,0.87,0,0.87,0,0.87,0,0,0,0,0.43,0,0,0,0,0.43,0.43,4.38,0,1.31,0,1.31,0,0,0,0,0,0,0,0,0,0,0,0.43,0,0,0,0,0,0,0,0,0,0.43,0,0,0,0,0.145,0,1.021,0.218,0,3.35,59,134,1
t27,0,0,0,0,0,0,0,0,0,0,0,0,0,0,0,1.23,1.23,0,4.93,0,3.7,0,0,0,0,0,0,0,0,0,0,0,0,0,0,0,0,0,0,0,0,0,0,0,1.23,0,0,0,0,0,0,0.234,0,0,4.176,41,71,1
t28,0,0,1.58,0,1.58,0,1.58,0,0,0,0,1.58,0,0,0,1.58,0,0,3.17,0,1.58,0,0,0,0,0,0,0,0,0,0,0,0,0,0,0,0,0,0,0,0,0,0,0,0,0,0,0,0,0,0,0.371,0,0,3.538,21,46,1
t29,0,0,0,0,0,0,0,0,0.9,0,0,0,0,0,0,0,0,0,0.9,0,3.6,0,0,0,0,0,0,0,0,0,0,0,0,0,0,0,0,0,0,0,0,0,0,0,0,0,0,0,0,0.139,0,0.559,0,0,2.9,28,87,1
t30,0,0,0,40.13,0,0,0,0,0,0.32,0,0,0,0,0,0,0,0.32,0.98,0,0.32,0,0,0,0,0,0,0,0,0,0,0,0,0,0,0,0,0,0,0,0,0,0,0,0,0,0,0,0,0.185,0,0.185,0.061,0,10.585,124,434,1
t31,0,0.47,0,0,0.94,0,0.94,0,0,0,0,0.47,0.47,0,0.47,0,0,0,1.89,0,0.47,0,0,0,0,0,0,0,0,0,0,0,0,0,0,1.42,0,0,0,0,0,0,0,0,0,0,0,0,0,0.074,0.074,0,0,0,2.125,11,102,1
t32,0,0,0,0,0,0,0,0,0.91,0,0,0,0,0,0,0,0,0,0.91,0,2.75,0,0,0,0,0,0,0,0,0,0,0,0,0,0,0,0,0,0,0,0,0,0,0,0,0,0,0,0,0.141,0,0.565,0,0,2.9,28,87,1
t33,0.05,0.05,0.4,0,0.34,0,0,0,0.57,0.05,0,0.28,0.11,0,0,0.17,0,0,1.15,0.05,0.92,0,0,0.05,0,0,0,0,0.05,0,0,0,0,0,0,0,0,0,0,0,0,0.11,0,0,0.05,0,0,0,0.019,0.099,0,0.089,0.079,0.009,4.913,95,1312,1
t34,0.05,0.05,0.4,0,0.34,0,0,0,0.57,0.05,0,0.28,0.11,0,0,0.17,0,0,1.04,0.05,0.92,0,0,0.05,0,0,0,0,0.05,0,0,0,0,0,0,0,0,0,0,0,0,0.11,0,0,0.05,0,0,0,0.019,0.099,0,0.089,0.079,0.009,4.924,95,1310,1
t35,0,0,0,0,0,0,0.86,0,0,0,0,0,0,0,0,0.86,0,1.73,3.47,0,1.73,0,0,0,0,0,0,0,0,0,0,0,0,0,0,0,0,0,0,0,0,0,0,0,0,0,0,0,0,0.152,0,0.457,0,0,2.75,10,55,1
t36,0,0,0,0,0,0,0.86,0,0,0,0,0,0,0,0,0.86,0,1.73,3.47,0,1.73,0,0,0,0,0,0,0,0,0,0,0,0,0,0,0,0,0,0,0,0,0,0,0,0,0,0,0,0,0.151,0,0.759,0,0,2.75,10,55,1
t37,0.38,0,1.9,0,1.14,0,0,0,0.38,0.38,0,0,0,0,0,0,0,0,0.38,0.76,0,0,0,0,0.38,0,0,0,0,0,0,0,0,0,0,0,0,0,0,0,0,0,0,0,0,0,0,0,0,0,0,1.008,0.059,0,295,1177,1180,1
t38,0.38,0,1.9,0,1.14,0,0,0,0.38,0.38,0,0,0,0,0,0,0,0,0.38,0.76,0,0,0,0,0.38,0,0,0,0,0,0,0,0,0,0,0,0,0,0,0,0,0,0,0,0,0,0,0,0,0,0,1.005,0.059,0,295,1177,1180,1
t39,0.38,0,1.9,0,1.14,0,0,0,0.38,0.38,0,0,0,0,0,0,0,0,0.38,0.76,0,0,0,0,0.38,0,0,0,0,0,0,0,0,0,0,0,0,0,0,0,0,0,0,0,0,0,0,0,0,0,0,1.008,0.059,0,589,1177,1178,1
t40,0,0,0,0,0.21,0,0,0,0,0,0,0,0,0,0,0,0,0,0,0,0,0.21,0,0,0,0,0,0,0,0,0,0,0,0,0,0,0,0,0,0,0,0,0,0,0,0,0,0,0,0.205,0,0.034,0,0,3.168,15,339,1
t41,0,0,0,0,0.2,0,0,0,0,0,0,0,0,0,0,0,0,0,0,0,0,0.2,0,0,0,0,0,0,0,0,0,0,0,0,0,0,0,0,0,0,0,0,0,0,0,0,0,0,0,0.204,0,0.034,0,0,2.588,15,277,1
t42,0,0.65,0,0,0.65,0,1.31,0,0,0,0,0.65,0,0,0.65,0,0,0,3.28,0,0.65,0,0,0.65,0,0,0,0,0,0,0,0,0,0,0,0,0,0,0,0,0,0,0,0,0,0,0,0,0,0,0.104,0.522,0,0,1.69,11,71,1
t43,0,0,0,0,0.21,0,0,0,0,0,0,0,0,0,0,0,0,0,0,0,0,0.21,0,0,0,0,0,0,0,0,0,0,0,0,0,0,0,0,0,0,0,0,0,0,0,0,0,0,0,0.205,0,0.034,0,0,3.168,15,339,1
t44,0,0,0,0,0.2,0,0,0,0,0,0,0,0,0,0,0,0,0,0,0,0,0.2,0,0,0,0,0,0,0,0,0,0,0,0,0,0,0,0,0,0,0,0,0,0,0,0,0,0,0,0.204,0,0.034,0,0,2.588,15,277,1
t45,0,0,0.3,0,0.3,0.3,0.3,0.3,0,0,0.6,0.9,0,0,0,0.9,0.6,0.3,2.4,2.7,3,0,0,0.6,0,0,0,0,0,0,0,0,0,0,0,0,0,0,0,0,0,0,0,0,0,0,0,0,0,0.048,0,0.144,0,0.096,5.403,139,281,1
t46,0,0,0.32,0,0.64,0.64,0.32,0.32,0,0,0,0.32,0.32,0,0,0.32,0.32,0,2.27,0,3.24,0,0,0.32,0,0,0,0,0,0,0,0,0,0,0,0,0,0,0,0,0,0,0,0,0.64,0,0,0,0,0.111,0,0,0.166,0,1.494,10,139,1
t47,0.08,0.08,0.76,0,0.85,1.02,0.25,0.17,0.59,0.08,0.17,0.59,0.17,0,2.22,0.25,0.08,0.94,1.62,0.17,0.42,0,0.85,0.08,0,0,0,0,0,0,0,0,0,0,0,0,0,0,0,0.08,0,0,0.17,0.08,0.08,0.08,0,0,0,0.065,0,0.435,0.118,0.013,7.497,669,1402,1
t48,0,0,1.83,0.91,0,0,0.45,0,0,0.91,0,0,0,0,0,2.75,0,0,1.83,0,0.91,0,0,0,0,0,0,0,0,0,0,0,0,0,0,0,0,0,0,0,0,0,0,0,0,0,0,0,0.134,0,0,2.077,0,0.134,12.176,338,621,1
t49,0,0,0,0,3.09,0,1.03,1.03,0,1.03,0,1.03,0,0,0,2.06,0,0,2.06,0,1.03,0,0,0,0,0,0,0,0,0,0,0,0,0,0,0,0,0,0,0,0,0,0,0,1.03,0,0,0,0,0,0,0,0,0,10.692,65,139,1
t50,0,0,0,0,3.12,0,1.04,1.04,0,1.04,0,1.04,0,0,0,2.08,0,0,2.08,0,1.04,0,0,0,0,0,0,0,0,0,0,0,0,0,0,0,0,0,0,0,0,0,0,0,1.04,0,0,0,0,0,0,0,0,0,10.692,65,139,1
t51,0,0,0,0,3.09,0,1.03,1.03,0,1.03,0,1.03,0,0,0,2.06,0,0,2.06,0,1.03,0,0,0,0,0,0,0,0,0,0,0,0,0,0,0,0,0,0,0,0,0,0,0,1.03,0,0,0,0,0,0,0,0,0,10.692,65,139,1
t52,0,0.46,0.46,0,2.8,0,0,0,0,0,0,1.4,0,0,0,1.4,0,1.4,1.86,0,0.46,0,0,0,0,0,0,0,0,0,0,0,0,0,0,0,0.93,0,0,0,0,0,0,0,0,0,0,0,0,0.148,0,0.74,0,0,2.673,21,139,1
t53,0,0,0,0,0,0,1.21,0,0,1.21,0,1.21,1.21,0,0,1.21,0,0,4.87,0,0,0,0,0,0,0,0,0,0,0,0,0,0,0,0,0,0,0,0,0,0,0,0,0,0,0,0,0,0,0,0,0,0,0,1.676,15,57,1
t54,0,0,1.31,0,2.63,0,0,0.65,0,0,0,0.65,0,0,0,1.97,0,0,1.31,0,2.63,0,0,0.65,0,0,0,0,0,0,0,0,0,0,0,0,0,0,0,0,0,0,0,0,0.65,0,0,0,0,0.198,0,0.198,0.099,0,2.195,12,101,1
t55,0,0,0,0,0,0,0,0,0,0,0.26,0.26,0,0,0,0,0,0,1.05,1.32,0.26,10.58,0,0,0,0,0,0,0,0,0,0,0,0,0,0,0,0,0,0,0,0,0,0,0,0,0,0,0.306,0.043,0.087,0.175,0.043,0.35,8.271,69,885,1
t56,0.74,0,0,0,0,0,0.74,0,0,1.49,0.74,0.74,0,0,0,0.74,3.73,0,4.47,0,0.74,0,0.74,0,0,0,0,0,0,0,0,0,0,0,0,0,0,0,0,0,0,0,0,0,0,0,0,0,0,0,0,0.355,0.118,0.237,2.095,7,44,1
t57,0,0,1.29,0,0,0,0,0,0,0,0,1.29,0,0,0,0,0,0,1.29,0,5.19,0,0,1.29,0,0,0,0,0,0,0,0,0,0,0,0,0,0,0,0,0,0,0,0,0,0,0,0,0,0,0,0,0.208,0,4.818,25,53,1
t58,0,0.02,0.05,0,0.02,0,0,0.05,0,0.35,0,0.02,0,0,0,0.05,0.1,0.38,0.07,0.2,0.17,0,0,0,0.02,0,0,0,0,0,0,0,0,0,0,0,0,0,0,0,0,0,0,0,0,0,0,0,0,0.004,0,0.112,0.018,0.018,3.922,489,3271,1
t59,0,0,1.33,0,0.66,0,0,0,0,0,0,0,0,0,0,0,0,0.66,0.66,0,0.66,0,0,0,0,0,0,0,0,0,0,0,0,0,0,0,0,0,0,0,0,0,0,0,0.66,0,0,0,0,0,0,0.355,0.118,0,2.315,12,132,1
t60,0,0,1.35,0,0.67,0,0,0,0,0,0,0,0,0,0,0,0,0.67,0.67,0,0.67,0,0,0,0,0,0,0,0,0,0,0,0,0,0,0,0,0,0,0,0,0,0,0,0.67,0,0,0,0,0,0,0.356,0.118,0,2.315,12,132,1
t61,0,0,0,0,0.53,0,1.07,0,0,0.53,0,0,0,0,0,0,0,1.61,1.07,0,0,0,0,0,0,0,0,0,0,0,0,0,0,0,0,0,0,0,0,0,0,0,0,0,0,0,0,0,0,0.335,0,0,0,0,2.333,14,119,1
t62,0,0,0,0,0,0,0,0,0,0.27,0,0.27,0,0,0,0.27,0,0,1.09,1.36,0.27,10.38,0,0,0,0,0,0,0,0,0,0,0,0,0,0,0,0,0,0,0,0,0,0,0.27,0,0,0,0.333,0.047,0.095,0.142,0.047,0.381,2.353,13,273,1
t63,0,0,0,0,0.53,0,1.07,0,0,0.53,0,0,0,0,0,0,0,1.61,1.07,0,0,0,0,0,0,0,0,0,0,0,0,0,0,0,0,0,0,0,0,0,0,0,0,0,0,0,0,0,0,0.336,0,0,0,0,2.333,14,119,1
t64,1.23,0,0,0,0,0.46,0,0.15,0,0.61,0,0.3,1.07,0,0,0,0,0,1.84,0,0.92,0,0.76,1.23,0,0,0,0,0,0,0,0,0,0,0,0,0,0,0,0,0,0,0,0,0,0,0,0,0,0.057,0,0.52,0.289,0.144,4.33,84,446,1
t65,0,0,0.71,0,0.23,0,0,0,0.23,0.23,0.23,1.9,0,0,0,0.23,0,0,3.81,0.23,1.19,0,0,0,0,0,0,0,0,0,0,0,0,0,0,0,0,0,0,0,0,0,0,0,0,0,0,0,0,0.112,0,1.046,0.037,0,4.022,97,543,1
t66,0.95,0,0.23,0,0.23,0.23,0.23,0,0,0.23,0,0.23,0,0,0,0,0.71,0,3.8,0,1.9,0,0,0.71,0,0,0,0,0,0,0,0,0,0,0,0,0,0,0,0,0,0,0,0,0,0,0,0,0,0,0,0.238,0,0,3.184,38,242,1
t67,0,0,0.71,0,0.23,0,0,0,0.23,0.23,0.23,1.9,0,0,0,0.23,0,0,3.81,0.23,1.19,0,0,0,0,0,0,0,0,0,0,0,0,0,0,0,0,0,0,0,0,0,0,0,0,0,0,0,0,0.112,0,1.046,0.037,0,4.022,97,543,1
t68,0,0,0.57,0,0.28,0,0,0.57,0,0,0,0.28,0,0,0,0.57,1.15,0,0.86,2.31,2.02,0,0,0,0,0,0,0,0,0,0,0,0,0,0,0,0,0,0,0,0,0,0,0,0,0,0,0,0,0.047,0,1.147,0.191,0.191,11.735,489,622,1
t69,0.9,0,0,0,0,0,0.9,0,0,1.8,0.9,0.9,0,0,0,0.9,4.5,0,5.4,0,0.9,0,0.9,0,0,0,0,0,0,0,0,0,0,0,0,0,0,0,0,0,0,0,0,0,0,0,0,0,0,0,0,0.391,0.13,0.26,2.15,7,43,1
t70,0.74,0,0,0,0,0,0.74,0,0,1.49,0.74,0.74,0,0,0,0.74,3.73,0,4.47,0,0.74,0,0.74,0,0,0,0,0,0,0,0,0,0,0,0,0,0,0,0,0,0,0,0,0,0,0,0,0,0,0,0,0.355,0.118,0.236,2.15,7,43,1
t71,0,0.16,0,0,0.16,0.16,0,1.14,1.3,0.32,0.32,0.48,0,0,0,1.95,0,0.32,0.81,0.48,1.46,2.93,0.16,0.81,0,0,0,0,0,0,0,0,0,0,0,0,0,0,0,0,0,0,0,0,0,0,0,0,0.673,0.35,0.053,0.134,0.107,0.026,5.216,57,1038,1
t72,0.27,0.27,0.27,0,0,0,0,0.54,0,0.27,0,0.27,0,0,0,1.08,0,0.27,1.08,0,0.27,0,0.27,0.54,0,0,0,0,0,0,0,0,0,0,0,0,0,0,0,0,0,0,0,0,0,0,0,0,0,0.229,0,0.458,0.504,0,2.934,64,578,1
t73,0,0,0.85,0,0.85,0.21,0.21,0,0,1.5,0,0,0,0,1.07,0,0.21,0,0.64,0.21,1.71,7.08,1.28,0,0,0,0,0,0,0,0,0,0,0,0,0,0,0,0,0,0,0,0,0,0,0,0,0,0,0,0,0.465,0.271,0.969,9.052,58,869,1
t74,0.64,0,0.64,0,1.29,0,0.64,0,0,0,0,0.64,0,0,0,0.64,0.64,0,1.29,0,3.22,0,0.64,0,0,0,0,0,0,0,0,0,0,0,0,0,0,0,0,0,0,0,0,0,0,0,0,0,0,0.104,0,0.522,0.313,0,2.511,22,113,1
t75,0,0,0,0,0,0.54,1.63,0,0,0,0.54,0.54,0,0,0,0.54,2.73,0.54,4.91,0,2.18,0,0,0,0,0,0,0,0,0,0,0,0,0,0,0,0,0,0,0,0,0,0,0,0,0,0,0,0,0,0,0,0.171,0,2.592,32,70,1
t76,0,0,0,0,0,0,0,0,0.52,0.52,0,2.08,0,0,0,0,0,0,4.16,0,4.68,0,0,0,0,0,0,0,0,0,0,0,0,0,0,0,0,0,0,0,0,0,0,0,0,0,0,0,0.073,0.073,0,0.367,0.073,0.073,2.34,27,103,1
t77,0,1.32,0.56,0,0,0.94,0,0.18,0.37,0.75,0,2.08,0,0,0,0,0.37,0,2.65,0,0.94,0,0,0.18,0,0,0.18,0,0,0,0,0,0,0,0,0,0,0,0,0,0,0,0,0,0,0,0,0,0,0.084,0,0.31,0.112,0,2.548,34,237,1
t78,0,0,1.07,0,0.53,0,0,0,0,0,0,0,0,0,0,0,0,0,3.22,0.53,1.07,8.06,0,0,0,0,0,0,0,0,0,0,0,0,0,0,0,0,0,0,0,0,0,0,0,0,0,0,0,0,0,0.265,0.088,1.151,11.066,67,332,1
t79,0,0,1.31,0,0,0,0,0,0,0,0,1.31,0,0,0,0,0,0,1.31,0,5.26,0,0,1.31,0,0,0,0,0,0,0,0,0,0,0,0,0,0,0,0,0,0,0,0,0,0,0,0,0,0,0,0,0.213,0,4.818,25,53,1
t80,0,0,0,0,0,0.84,0,0,0,0,0,0,0,0,0,0,0,0,3.36,0,0,12.6,0,0,0,0,0,0,0,0,0,0,0,0,0,0,0,0,0,0,0,0,0,0,0,0,0,0,0,0,0,0.587,0,1.468,7,35,273,1
t81,1.36,0,0.68,0,0,0,0.68,0,0,0,0,4.1,0.68,0,0,1.36,0,0,2.73,0,2.05,0,1.36,0,0,0,0,0,0,0,0,0,0,0,0,0,0,0,0,0,0,0,0,0,0.68,0,0,0,0,0,0,1.706,0.2,0,4.281,38,137,1
t82,0,1.16,0.38,0,0,0,1.16,0,0,0.77,0.38,0.77,0,0,0,1.93,0,0.38,2.32,0,1.16,0,0,0,0,0,0,0,0,0,0,0,0,0,0,0,0.38,0,0,0,0,0,0,0,0.38,0,0,0,0,0,0,0.198,0,0.148,9.266,332,556,1
t83,0,0,0.27,0,0.27,0.27,0.27,0.27,0,0,0.54,0.82,0,0,0,0.82,0.54,1.09,2.46,2.46,2.73,0,0,0.54,0,0,0,0,0,0,0,0,0,0,0,0,0,0,0,0,0,0,0,0,0,0,0,0,0,0.043,0,0.13,0,0.086,4.6,139,276,1
t84,0,0,0.94,0,0.31,0,0,0,0.31,0,0,0.62,0,0,0,1.25,0.62,0,3.14,0,1.25,0,0.94,0,0,0,0,0,0,0,0,0,0,0,0,0,0,0,0,0,0,0,0,0,0.31,0,0,0,0,0.146,0.048,0.39,0.438,0.097,3.322,61,319,1
t85,0,0,0,0,0,0,0,0,0,0,0,0,0,0,0,1.09,1.09,0,3.29,0,2.19,0,0,0,0,0,0,0,0,0,0,0,0,0,0,0,0,0,0,0,0,0,0,0,1.09,0,0,0,0,0.371,0,0.371,0,0,3.096,28,96,1
t86,0.1,0.2,1.01,0,0.8,0.8,0.5,0,0.8,0.1,0.3,0.7,0.3,0,1.61,0.1,0,1.11,1.31,0.2,0.7,0,0.6,0.1,0,0,0,0,0,0,0,0,0,0,0,0,0,0,0,0,0,0,0.2,0,0.1,0.1,0,0,0,0.111,0,0.491,0.158,0.015,8.55,669,1351,1
t87,0,0,0.81,0,0.81,0,0,0,0,0,0,0,0,0,0,0,0.81,0,3.27,0,0.81,1.63,0,0,0,0,0,0,0,0,0,0,0,0,0,0,0,0,0,0,0,0,0,0,0,0,0,0,0,0,0,0.26,0,0.651,13.5,86,189,1
t88,1.24,0,0,0,0,0,0,0,0,0.62,0,1.24,0,0,0,0.62,0,0,1.86,0,3.1,0,0,0,0,0,0,0,0,0,0,0,0,0,0,0,0,0,0,0,0,0,0,0,1.24,0,0,0,0,0.1,0,1.105,0.201,0,12.904,155,271,1
t89,0,0,0,0,0,0,0,1.25,0,0.41,0,0,0,0,0,0.41,0,1.67,0.41,0,0.41,0,0,0,0,0,0,0,0,0,0,0,0,0,0,0.41,0,0,0,0,0,0,0,0,0,0,0,0,0,0.125,0,0.312,0.062,0,1.477,8,65,1
t90,0,0.41,0.41,0,2.06,0,1.65,0.82,0,0,0,0,0,0,0,2.47,0,0.82,2.47,0,0.82,0,0,0,0,0,0,0,0,0,0,0,0,0,0,0,0,0,0,0,0,0,0,0,0.41,0,0,0,0,0.265,0,0.199,0,0,15.892,226,445,1
t91,0,0.41,0.41,0,2.06,0,1.65,0.82,0,0,0,0,0,0,0,2.47,0,0.82,2.47,0,0.82,0,0,0,0,0,0,0,0,0,0,0,0,0,0,0,0,0,0,0,0,0,0,0,0.41,0,0,0,0,0.265,0,0.199,0,0,15.892,226,445,1
t92,0,0.41,0.41,0,2.06,0,1.65,0.82,0,0,0,0,0,0,0,2.47,0,0.82,2.47,0,0.82,0,0,0,0,0,0,0,0,0,0,0,0,0,0,0,0,0,0,0,0,0,0,0,0.41,0,0,0,0,0.265,0,0.199,0,0,15.892,226,445,1
t93,0,0,0,0,0,0,0,0,0,0,0,0,0,0,0,1.29,0,0,3.89,0,3.89,0,0,0,0,0,0,0,0,0,0,0,0,0,0,0,0,0,0,0,0,0,0,0,1.29,0,0,0,0,0,0,0.236,0,0,7.181,41,79,1
t94,0.45,0.9,0.9,0,0.45,0,0,0.45,0,1.8,0,2.25,0,0.45,0,0.45,0,0,1.8,0,5.4,0,0,0,0,0,0,0,0,0,0,0,0,0,0,0,0,0,0,0,0,0,0,0,0,0,0,0,0,0.243,0,1.626,0.162,0.081,69.727,706,767,1
t95,0.45,0.9,0.9,0,0.45,0,0,0.45,0,1.8,0,2.26,0,0.45,0,0.45,0,0,1.8,0,4.97,0,0,0,0,0,0,0,0,0,0,0,0,0,0,0,0,0,0,0,0,0,0,0,0,0,0,0,0,0.244,0,1.631,0.244,0.081,64.416,708,773,1
t96,0.45,0.91,0.91,0,0.45,0,0,0.45,0,1.83,0,2.29,0,0.91,0,0.45,0,0,1.83,0,5.04,0,0,0,0,0,0,0,0,0,0,0,0,0,0,0,0,0,0,0,0,0,0,0,0,0,0,0,0,0.245,0,1.633,0.245,0.081,64.416,708,773,1
t97,0.82,0,0.82,0,0.41,0,0.41,0.82,0.41,1.23,1.65,0.41,0,0,0,2.47,1.65,0,1.23,1.23,2.06,0,0,0.82,0,0,0,0,0,0,0,0,0,0,0,0,0,0,0,0,0,0,0,0,0,0,0,0,0,0,0,0.53,0.132,0.132,6.404,76,301,1
t98,0.09,0.49,0.59,0,0.39,0.19,0,0,0.09,0.39,0,1.57,0.19,0,0,0,0.09,0,3.75,0.09,1.08,0,0,0.09,0,0,0,0,0,0,0,0,0,0,0,0,0,0,0,0,0,0,0,0,0,0,0,0,0.768,0.037,0,5.848,1.313,0,5.96,54,757,1
t99,0,0,1.31,0,0,0,0,0,0,0,0,1.31,0,0,0,0,0,0,1.31,0,5.26,0,0,1.31,0,0,0,0,0,0,0,0,0,0,0,0,0,0,0,0,0,0,0,0,0,0,0,0,0,0,0,0,0.212,0,4.818,25,53,1
t100,0,0,1.31,0,0,0,0,0,0,0,0,1.31,0,0,0,0,0,0,1.31,0,5.26,0,0,1.31,0,0,0,0,0,0,0,0,0,0,0,0,0,0,0,0,0,0,0,0,0,0,0,0,0,0,0,0,0.212,0,4.818,25,53,1
t101,0,0,0.6,0,0,0.6,0,0,0.6,0,0,1.8,0,0,0,0.3,0,0,2.7,0,1.2,0,0,0.6,0,0,0,0,0,0,0,0,0,0,0,0,0,0,0,0,0,0,0,0,0,0,0,0,0,0.094,0.047,0.189,0.141,0,1.932,31,201,1
t102,0.47,0,0.94,0,0.94,0,0.94,0,0,0,0,0.47,0,0,0,0,0.47,0,4.24,0,0.94,0,1.41,0,0,0,0,0,0,0,0,0,0,0,0.47,0,0,0,0,0,0,0,0,0,0.47,0,0,0,0,0.073,0,1.254,0.221,0,5.918,91,219,1
t103,0,0.72,1.81,0,0,0.36,0,0.36,0.72,1.08,0.36,0.72,0,0.36,0,0.36,0.36,0.36,1.08,0,2.53,0,0,0,0,0,0,0,0,0,0,0,0,0,0,0,1.08,0,0,0,0,0,0,0,0.36,0,0,0,0,0.334,0,1.203,0.467,0.066,18.4,393,736,1
t104,1.47,0,0,0,0,0,0,0,0,1.47,0,0,1.47,0,0,7.35,0,0,2.94,0,1.47,0,0,4.41,0,0,0,0,0,0,0,0,0,0,0,0,0,0,0,0,0,0,0,0,0,0,0,0,0,0,0,1.272,0.254,0,6.294,63,107,1
t105,1.47,0,0,0,0,0,0,0,0,1.47,0,0,1.47,0,0,7.35,0,0,2.94,0,1.47,0,0,4.41,0,0,0,0,0,0,0,0,0,0,0,0,0,0,0,0,0,0,0,0,0,0,0,0,0,0,0,1.272,0.254,0,6.055,63,109,1
t106,0,0,0.51,0,0.51,0.51,0.51,0,0,0,0,0,0,0,0,0,1.03,1.03,3.1,0,1.03,0,0,0,0,0,0,0,0,0,0,0,0,0,0,0,0,0,0,0,0,0,0,0,0,0,0,0,0,0.09,0,0.18,0,0,1.773,17,94,1
t107,0,0,0.5,0,0.5,0.5,0.5,0,0,0,0,0,0,0,0,0,1.01,1.01,3.04,0,1.01,0,0,0,0,0,0,0,0,0,0,0,0,0,0,0,0,0,0,0,0,0,0,0,0,0,0,0,0,0.089,0,0.178,0,0,1.792,17,95,1
t108,0,0.74,1.85,0,0,0.37,0,0.37,0.74,1.11,0.37,0.74,0,0.37,0,0.37,0.37,0.37,1.48,0,2.6,0,0,0,0,0,0,0,0,0,0,0,0,0,0,0,1.11,0,0,0,0,0,0,0,0.37,0,0,0,0,0.336,0,1.211,0.471,0.067,18.4,393,736,1
t109,0.09,0.49,0.59,0,0.39,0.19,0,0,0.09,0.39,0,1.57,0.19,0,0,0,0.09,0,3.75,0.09,1.08,0,0,0.09,0,0,0,0,0,0,0,0,0,0,0,0,0,0,0,0,0,0,0,0,0,0,0,0,0.767,0.037,0,5.84,1.311,0,5.96,54,757,1
t110,0,0.72,1.81,0,0,0.36,0,0.36,0.72,1.08,0.36,0.72,0,0.36,0,0.36,0.36,0.36,1.08,0,2.53,0,0,0,0,0,0,0,0,0,0,0,0,0,0,0,1.08,0,0,0,0,0,0,0,0.36,0,0,0,0,0.334,0,1.203,0.467,0.066,18.4,393,736,1
t111,0,0,0.15,0,0.9,0.15,0,0,0.9,0,0,0.75,0.15,0,0,0,0.3,0,2.26,0,0.9,0,0.15,0.3,0,0,0,0,0,0,0,0,0,0,0.6,0,0,0,0,0,0,0,0,0,0,0,0,0,0,0.1,0,0.376,0.05,0.025,2.271,49,427,1
t112,0.15,0.15,0.3,0,0.75,0,0,0,0,0,0,0.15,0.15,0,0,0,0,0.75,1.51,0,0.45,0,0,0.3,0,0,0,0,0,0,0,0,0,0,0,0,0,0,0,0,0,0,0,0,0,0,0,0,0.058,0.145,0,0.087,0,0,1.54,18,208,1
t113,0.12,0.19,0.7,0,0.44,0,0.06,0,0.57,0.5,0.25,0.95,0.06,0,0.19,0,0.06,0,3.82,0.19,2.48,0,0,0.19,0,0,0,0,0,0,0,0,0,0,0.06,0,0,0,0,0,0,0.06,0,0,0,0,0,0,0,0.102,0,0.133,0.041,0.143,3.29,74,1030,1
t114,0,0,0,0,0,0,0,0,0,0,0,0,0.91,0,0,0,0,0,0.91,0,0,0,0,0,0,0,0,0,0,0,0,0,0,0,0,0,0,0,0,0,0,0,0,0,0,0,0,0,0,0.143,0,0.573,0,0,2.884,18,75,1
t115,0.05,0.05,0.4,0,0.34,0,0,0,0.57,0.05,0,0.28,0.11,0,0,0.17,0,0,1.09,0.05,0.92,0,0,0.05,0,0,0,0,0.05,0,0,0,0,0,0,0,0,0,0,0,0,0.11,0,0,0.05,0,0,0,0.019,0.099,0,0.099,0.079,0.009,4.906,95,1310,1
t116,0,0,0,0,0,0,0,0,0,1.19,0,0,0,0,0,1.19,0,0,3.57,0,3.57,0,0,0,1.19,1.19,0,0,0,0,0,0,0,0,0,0,0,0,0,0,0,0,0,0,1.19,0,0,0,0,0,0,0.204,0,0,8.636,41,95,1
t117,0,0,0.44,0,1.34,0,0.44,0,0,0,0,0,0,0,0,0.44,0.89,0,2.24,0,1.34,0,0.44,0.44,0,0,0,0,0,0,0,0,0,0,0,0,0,0,0,0,0,0,0,0,1.34,0,0,0,0,0.068,0,0.482,0.896,0,6.77,78,325,1
t118,0,0,0,0,0.77,0,0,0,0,0,0,1.55,0,0,0,0.77,0.77,0,2.32,0,2.32,0,0,0,0,0,0,0,0,0,0,0,0,0,0,0,0,0,0,0,0,0,0,0,0.77,0,0,0,0,0.268,0,0.672,0.403,0,2.794,29,109,1
t119,0.28,0.14,0.14,0,0,0,0.14,0,0.42,0,0.84,0.98,0,0,0,0,0.28,0,1.82,2.53,1.12,10.82,0.84,0.28,0,0,0,0,0,0,0,0,0,0,0,0,0,0,0,0,0,0,0,0,0,0,0,0,0,0,0.137,0.045,0.342,1.233,14.88,79,1622,1
t120,0.1,0.2,1.01,0,0.8,0.8,0.5,0,0.8,0.1,0.3,0.7,0.3,0,1.61,0.1,0,1.11,1.31,0.2,0.7,0,0.6,0.1,0,0,0,0,0,0,0,0,0,0,0,0,0,0,0,0,0,0,0.2,0,0.1,0.1,0,0,0,0.11,0,0.49,0.158,0.015,8.55,669,1351,1
t121,0,0,0,0,0.8,0,0,0,0,0,0,1.6,0,0,0,0.8,0.8,0,2.4,0,2.4,0,0,0,0,0,0,0,0,0,0,0,0,0,0,0,0,0,0,0,0,0,0,0,0.8,0,0,0,0,0.274,0,0.823,0,0,2.815,29,107,1
t122,1.63,0,1.63,0,0,0,0,0,1.63,0,0,0,0,0,0,1.63,0,0,3.27,0,3.27,0,0,0,0,0,0,0,0,0,0,0,0,0,0,0,0,0,0,0,0,0,0,0,0,0,0,0,0,0,0,0.8,0.266,0,2,16,36,1
t123,0.69,0,0,0,1.39,0,0.69,0,0,0,0,0.69,0,0,0,0,0,0,3.49,0,1.39,0,0,0,0,0,0,0,0,0,0,0,0,0,0,0,0,0,0,0,0,0,0,0,0,0,0,0,0,0,0,0.196,0,0,6.1,57,183,1
t124,0,0,0,0,0,0,0,1.04,0,0,0.52,1.04,0.52,0,0,1.04,0,0,3.66,1.04,1.04,0,1.57,0.52,0,0,0,0,0,0,0,0,0,0,0,0,0,0,0,0,0,0,0,0,0,0,0,0,0,0,0,0.539,0.269,0,5.787,47,272,1
t125,0,0,0.32,0,0.65,0.65,0.32,0.32,0,0,0,0.32,0.32,0,0,0.32,0.32,0,2.28,0,3.25,0,0,0.32,0,0,0,0,0,0,0,0,0,0,0,0,0,0,0,0,0,0,0,0,0.65,0,0,0,0,0.111,0,0,0.166,0,1.494,10,139,1
t126,0,0,0.32,0,0.65,0.65,0.32,0.32,0,0,0,0.32,0.32,0,0,0.32,0.32,0,2.28,0,3.25,0,0,0.32,0,0,0,0,0,0,0,0,0,0,0,0,0,0,0,0,0,0,0,0,0.65,0,0,0,0,0.111,0,0,0.166,0,1.494,10,139,1
t127,0.08,0.08,0.76,0,0.85,1.02,0.25,0.17,0.59,0.08,0.17,0.59,0.17,0,2.21,0.25,0.08,0.93,1.62,0.17,0.42,0,0.85,0.08,0,0,0,0,0,0,0,0,0,0,0,0,0,0,0,0.08,0,0,0.17,0.08,0.08,0.08,0,0,0,0.065,0,0.486,0.118,0.013,7.561,669,1414,1
t128,0.17,0,0.17,0,1.52,0.35,0.05,0.05,0.05,0.05,0.05,0.52,0.29,0.05,0,0,0.64,0.05,4.21,0.23,1.11,0,0.82,0.05,0,0,0,0,0,0,0,0,0,0,0,0,0,0,0,0,0,0,0.05,0,0.05,0,0,0,0.01,0.052,0,0.01,0.167,0,1.818,13,462,1
t129,0.27,0,0.27,0,0,0,0,0,0,0,0,1.62,0.27,0,0,0,0.27,0,4.87,0,0.81,0.27,0.27,0,0,0,0,0,0,0,0,0,0,0,0,0,0,0,0.27,0,0,0,0,0,0,0,0,0,0,0,0,0.874,0.051,0.051,5.582,61,374,1
t130,0,1.32,0,0,0,0.44,0,0,1.32,0,0,2.65,0,0.44,0,0.44,0,0.44,3.53,0,1.76,0,0,1.32,0,0,0,0,0,0,0,0,0,0,0,0,0,0,0,0,0,0,0,0,0,0,0,0,0,0.066,0,0.663,0.132,0.066,8.666,123,442,1
t131,0,0,0,0,2.29,0,0,0,0,0,0,1.14,0,0,0,4.59,0,0,3.44,0,1.14,0,0,0,0,0,0,0,0,0,0,0,0,0,0,0,0,0,0,0,0,0,0,0,1.14,0,0,0,0,0.646,0,1.939,0,0,8.461,30,110,1
t132,0,0,0,0,0,0,0,0,0,0,0,0,0,0,0,0,0,0,0,0,3.57,0,3.57,0,0,0,0,0,0,0,0,0,0,0,0,0,0,0,0,0,0,0,0,0,0,0,0,0,0,0,0,0.606,0.606,0,3.111,10,28,1
t133,0.54,0,0,0,2.16,0,0,0.54,0,1.08,0,0,0,0,0,0,1.08,0,2.7,0,0.54,0,0,0,0,0,0,0,0,0,0,0,0,0,0,0,0.54,0,0,0,0,0,0,0,0,0,0,0,0,0.051,0,0,0,0,1.49,19,82,1
t134,0,0,0,0,0,0,0,0,0.91,0,0,0,0,0,0,0,0,0,0.91,0,2.75,0,0,0,0,0,0,0,0,0,0,0,0,0,0,0,0,0,0,0,0,0,0,0,0,0,0,0,0,0.141,0,0.567,0,0,2.9,28,87,1
t135,1.06,0,0.7,0,1.06,0,0.7,0,0,0.7,0,0.7,0,0,0.35,0.7,0,0,6,0,1.41,0,0.35,0.35,0,0,0,0,0,0,0,0,0,0,0,0,0,0,0,0,0,0,0,0,0.35,0,0,0,0,0,0,0.381,0.063,0,2.021,12,95,1
t136,0.68,0.68,0.68,0,0.68,0,2.73,0,0,0.68,0,2.05,0,0,0,0,0,0.68,4.1,0,2.73,0,0,0.68,0,0,0,0,0,0,0,0,0,0,0,0,0.68,0,0,0,0,0,0,0,0,0,0,0,0,0,0,1.244,0,0,2.472,9,89,1
t137,0,0,0,9.16,0.27,0,0.55,0.27,0.27,0.27,0,0.27,0,0,0,0,1.11,0,0.55,0.27,0.83,0,0,0,0,0,0,0,0,0,0,0,0,0,0,0,0,0,0,0,0,0,0,0,0,0,0,0,0.387,0,0,0.301,0,0.043,19.482,694,1130,1
t138,0,0,0.09,0,0.58,0.29,0.09,0,0.38,0,0.29,0.48,0.38,0,0,0,0.19,0,0.77,0,0.67,0,0.09,0,0,0,0,0,0,0,0,0,0,0,0,0,0.09,0,0,0,0,0,0.09,0,0.09,0,0,0,0.063,0.047,0,0.559,0.047,0.031,1.694,23,432,1
t139,0,0,1.61,0,0,0,1.61,0,0,0,0,0,0,0,0,1.61,0,0,0,0,0,0,0,0,0,0,0,0,0,0,0,0,0,0,0,0,0,0,0,0,0,0,0,0,1.61,0,0,0,0,0.268,0,0.804,0,0,2.466,17,37,1
t140,0,0,0,0,0.97,0,0.97,0,0,0,0,0,0,0,0,0.97,0,0,0,0,0.97,0,0,0,0.97,0.97,0,0,0,0,0,0,0,0,0,0,0.97,0,0,0,0,0,0,0,0,0,0,0,0.503,0.167,0,0,0.167,1.342,3.5,13,77,1
t141,0,0.56,0.56,0,1.12,0.56,2.25,0,0,0.56,0,0.56,0,0,0,0,0,0.56,3.38,0,1.12,0,0,0,0,0,0,0,0,0,0,0,0,0,0,0,0,0,0,0,0,0,0,0,0.56,0,0,0,0,0.083,0,0.503,0,0.083,16.304,148,375,1
t142,0.1,0.1,0.71,0,0.61,0.3,0.4,0.1,1.42,0.81,0.1,0.5,0,0,0,0.1,0,1.11,2.23,0.5,2.03,0,0,0.3,0,0,0,0,0,0,0,0,0,0,0.1,0,0,0,0.1,0,0,0,0,0,0,0,0,0,0,0,0.264,0.976,0.397,0.033,3.186,56,1042,1
t143,0.8,0,0.8,0,1.61,0,0,0,0,0,0,0,0,0,0,0.8,0.8,0,1.61,0,2.41,0,0.8,0,0,0,0,0,0,0,0,0,0,0,0,0,0,0,0,0,0,0,0,0,0,0,0,0,0,0,0,1.562,0.36,0,2.638,22,124,1
t144,0,0,1.31,0,0,0,0,0,0,0,0,1.31,0,0,0,0,0,0,1.31,0,5.26,0,0,1.31,0,0,0,0,0,0,0,0,0,0,0,0,0,0,0,0,0,0,0,0,0,0,0,0,0,0,0,0,0.212,0,4.818,25,53,1
t145,0,1.47,0,0,0,0,1.47,0,0,0,0,0,0,0,0,1.47,1.47,0,0,0,1.47,0,0,0,0,0,0,0,0,0,0,0,0,0,0,0,1.47,0,0,0,0,0,0,0,0,0,0,0,0,0.338,0,0.508,0.169,0.169,10.625,140,170,1
t146,0.05,0.05,0.4,0,0.34,0,0,0,0.57,0.05,0,0.28,0.11,0,0,0.17,0,0,1.04,0.05,0.92,0,0,0.05,0,0,0,0,0.05,0,0,0,0,0,0,0,0,0,0,0,0,0.11,0,0,0.05,0,0,0,0.019,0.099,0,0.099,0.079,0.009,4.881,95,1313,1
t147,0,0.4,0,0,0.81,0,0.81,0,0,0.4,0,0,0,0,0,0,0,0,1.22,0,0.81,0.81,0,0,0,0,0,0,0,0,0,0,0,0,0,0,0,0,0,0,0,0,0,0,0,0,0,0,0.123,0.246,0.061,0,0.123,0.185,4.793,23,302,1
t148,0.29,0.58,0.58,0,0.87,0,0.58,0,0,1.16,0,0.87,0,0,0,0,0.87,0,2.62,0,1.74,0,0,0,0,0,0,0,0,0,0,0,0,0,0,0,0,0,0,0,0,0,0,0,0,0,0,0,0,0.054,0,0,0.271,0,1.67,14,162,1
t149,0.18,0,0.18,0,1.57,0.36,0.06,0.06,0.06,0.06,0.06,0.54,0.3,0.06,0,0,0.72,0.06,4.41,0.24,1.08,0,0.84,0.06,0,0,0,0,0,0,0,0,0,0,0,0,0,0,0,0,0,0,0.06,0,0,0,0,0,0.01,0.052,0,0.01,0.169,0,1.766,12,447,1
t150,0.06,0,0.24,0,0.1,0,0,0.17,0.17,0.17,0,0.1,0.03,0,0,0.03,0,0,0.45,0,0.2,0,0.03,0,1.18,1.22,0,0,0,0,0,0,0,0,0,0,1.36,0,0,0,0,0,0.06,0,0.45,0,0,0,0.179,0.305,0.029,0.029,0.011,0.023,2.813,26,2510,1
t151,1.24,0.41,1.24,0,0,0,0,0,0,0,0,0.41,0,0,0,0.41,0,0.82,3.73,0,1.24,0,0,0.41,0,0,0,0,0,0,0,0,0,0,0,0,0,0,0,0,0,0,0,0,0.41,0,0,0,0,0.068,0,0.481,0.549,0,3.166,19,114,1
t152,0.08,0,0.32,4.31,0.08,0.16,0.08,0.08,0,0,0.08,0.24,0.32,0,0,0.08,0,0.32,1.87,0,0.57,0,0.16,0.24,0,0,0,0,0,0,0,0,0,0,0,0,0.08,0,0,0,0,0,0,0,0.16,0,0,0,0.344,0.068,0,0.55,0.082,0.151,15.547,339,2923,1
t153,0.1,0.1,0.71,0,0.6,0.3,0.4,0.1,1.42,0.81,0.1,0.5,0,0,0,0.1,0,1.01,2.23,0.5,2.03,0,0,0.3,0,0,0,0,0,0,0,0,0,0,0.1,0,0,0,0.1,0,0,0,0,0,0,0,0,0,0,0,0.264,0.977,0.397,0.033,3.166,56,1045,1
t154,0,0,0,0,0,0,0.45,0,0,0.45,0.22,0.22,0,0,0.22,0.22,0,0.22,1.58,0,1.13,13.34,0.9,0,0,0,0,0,0,0,0,0,0,0,0,0,0.22,0,0,0,0,0,0,0,0,0,0,0,0,0,0,0.037,0.15,1.584,13.936,114,1324,1
t155,0,0,1.31,0,0,0,0,0,0,0,0,1.31,0,0,0,0,0,0,1.31,0,5.26,0,0,1.31,0,0,0,0,0,0,0,0,0,0,0,0,0,0,0,0,0,0,0,0,0,0,0,0,0,0,0,0,0.212,0,4.818,25,53,1
t156,0,0,0,0,0,0.4,0,0,0,0.81,0,0,0,0,0,0.4,0,0,1.22,0,0,0,0.4,0,0,0,0,0,0,0,0,0,0,0,0,0,0,0,0,0,0,0,0,0,0,0,0,0,0.198,0.529,0.33,0.198,0,0,5.019,18,261,1
t157,0,0,0,0,0.38,0.38,0.38,0.38,0,0,0.38,0,0,0,0,0.38,0,0,3.43,0,2.29,0,0,0.38,0,0,0,0,0,0,0,0,0,0,0,0,0,0,0,0,0,0,0,0,0.38,0,0,0,0,0,0,0.121,0,0,2.08,12,104,1
t158,0,0,0,0,0,0,1.78,0,0,1.78,0,0,0,0,0,0,0,0,0,0,0,0,0,0,0,0,0,0,0,0,0,0,0,0,0,0,0,0,0,0,0,0,0,0,0,0,0,0,0,0,0,0.544,0,0,1.777,5,16,1
t159,0,0.06,0.2,0,0.61,0.13,0,0,0.75,0,0.27,0.75,0.27,0,0,0,0.2,0.13,1.16,0,1.23,0,0.06,0,0,0,0,0,0,0,0,0,0,0,0,0,0,0,0,0,0,0,0.06,0,0.06,0,0,0,0.034,0.057,0,0.472,0.092,0.023,2.086,104,703,1
t160,0,1.36,0,0,0,0,1.36,0,0,0,0,0,0,0,0,1.36,1.36,0,0,0,1.36,0,0,0,0,0,0,0,0,0,0,0,0,0,0,0,0,0,0,0,0,0,0,0,0,0,0,0,0,0.17,0,0.17,0.17,0.17,9.411,128,160,1
t161,0,0,0,0,0,2.3,0,0,0,0,0,0.76,0.76,0,0,0,0,0,2.3,0,1.53,0,0,0,0,0,0,0,0,0,0,0,0,0,0,0,0,0,0,0,0,0,0,0,0,0,0,0,0,0.868,0,2.894,0.868,0,5.607,25,157,1
t162,1.63,0,0,0,2.45,0,0,0,0,0,0,0,0,0,0,0.81,0,0,3.27,0,1.63,0,0,0,0,0,0,0,0,0,0,0,0,0,0,0,0.81,0,0,0,0,0,0,0,0,0,0,0,0,0,0,0.258,0,0,2.826,20,65,1
t163,0.16,0,0.67,0,0.33,0.16,0.33,0.84,0.16,0.5,0.33,1.51,0,0,0,0,1.68,0.33,2.02,1.68,3.87,0,0,0.33,0,0,0,0,0,0,0,0,0,0,0,0,0,0,0,0.16,0,0,0,0,0,0,0,0,0,0.224,0,1.151,0.056,0,4.928,63,621,1
t164,0.09,0.49,0.59,0,0.39,0.19,0,0,0.09,0.39,0,1.58,0.19,0,0,0,0.09,0,3.75,0,1.08,0,0,0.19,0,0,0,0,0,0,0,0,0,0,0,0,0,0,0,0,0,0,0,0,0,0,0,0,0.778,0.037,0,5.213,0.979,0,5.781,54,740,1
t165,0,0,0,0,0,0,0,0,0,0,0,0,0,0,0,4,0,0,0,0,0,0,0,0,0,0,0,0,0,0,0,0,0,0,0,0,0,0,0,0,0,0,0,0,0,0,0,0,0,0,0,2.597,0,0,4.153,26,54,1
t166,0.17,0,0.17,0,1.45,0.34,0.05,0.05,0.05,0.05,0.05,0.52,0.29,0.05,0,0,0.69,0.05,4.25,0.23,1.04,0,0.75,0.05,0,0,0,0,0,0,0,0,0,0,0,0,0,0,0,0,0,0,0,0,0,0,0,0,0.01,0.05,0,0.01,0.162,0,1.794,12,454,1
t167,0,0,0.27,0,0.54,0.27,0.27,1.08,0,0.81,0,0,0,0,0,0,0,0,2.45,0,1.36,0,0,0.27,0,0,0,0,0,0,0,0,0,0,0,0.27,0,0,0,0,0,0,0,0,0,0.27,0,0,0,0.04,0,0.489,0.04,0,2.121,19,227,1
t168,1.61,0,0,0,3.22,0,0,0,0,0,0,0,0,0,0,0.8,0,0,3.22,0,1.61,0,0,0,0,0,0,0,0,0,0,0,0,0,0,0,0.8,0,0,0,0,0,0,0,0,0,0,0,0,0,0,0.511,0,0,2.909,20,64,1
t169,0,0.55,0.55,0,1.1,0.55,2.2,0,0,0.55,0,0.55,0,0,0,0,0,0.55,3.31,0,1.1,0,0,0,0,0,0,0,0,0,0,0,0,0,0,0,0,0,0,0,0,0,0,0,0.55,0,0,0,0,0.165,0,0.496,0,0.082,16.782,148,386,1
t170,0,0.55,0.55,0,1.1,0.55,2.2,0,0,0.55,0,0.55,0,0,0,0,0,0.55,3.31,0,1.1,0,0,0,0,0,0,0,0,0,0,0,0,0,0,0,0,0,0,0,0,0,0,0,0.55,0,0,0,0,0.165,0,0.496,0,0.082,16.826,148,387,1
t171,0,0,0.31,0,0.63,0.63,0.31,0.31,0,0,0,0.31,0.31,0,0,0.31,0.31,0,2.55,0,3.19,0,0,0.31,0,0,0,0,0,0,0,0,0,0,0,0,0,0,0,0,0,0,0,0,0.31,0,0,0,0,0.108,0,0,0.162,0.054,1.515,10,144,1
t172,1.04,0,0.69,0,1.04,0,0.69,0,0,0.69,0,0.69,0,0,0.34,0.69,0,0,5.9,0,1.38,0,0.34,0.34,0,0,0,0,0,0,0,0,0,0,0,0,0,0,0,0,0,0,0,0,0.34,0,0,0,0,0,0,0.379,0.063,0,2.042,12,96,1
t173,0,1.56,0,0,0,0,1.56,0,0,1.56,0,0,0,0,0,1.56,1.56,0,0,0,1.56,0,0,0,0,0,0,0,0,0,0,0,0,0,0,0,1.56,0,0,0,0,0,0,0,0,0,0,0,0,0.183,0,0,0.183,0.183,11.714,140,164,1
t174,0,0.54,0.54,0,1.08,0.54,2.16,0,0,0.54,0,0.54,0,0,0,0,0,0.54,3.24,0,1.08,0,0,0,0,0,0,0,0,0,0,0,0,0,0,0,0,0,0,0,0,0,0,0,0.54,0,0,0,0,0.162,0,0.488,0,0.081,15.16,148,379,1
t175,0.14,0,0.57,0,0.28,0.14,0.28,0.28,0,0.43,0.14,0.28,0,0,0,1.88,0.14,0.14,1.01,0,1.44,0,0,0,0,0,0,0,0,0,0,0,0,0,0,0,0,0,0,0.14,0,0,0,0,0,0,0,0,0,0.07,0,0.21,0,0,2.293,32,477,1
t176,0,0,0.44,0,0.22,0.22,0,0,0.66,0.44,0.22,0.88,0,0,0,0.22,0,0,1.32,0,1.1,0.22,0.22,0.22,0,0,0,0,0,0,0,0,0,0,0,0.44,0,0,0,0,0,0,0,0,0,0,0,0,0.065,0.261,0,0.13,0.196,0,7.4,75,629,1
t177,0,0,0.29,0,0.88,0.14,0,0,0.88,0,0,0.73,0.14,0,0,0,0.29,0,2.2,0,0.88,0,0.14,0.29,0,0,0,0,0,0,0,0,0,0,0.58,0,0,0,0,0,0,0,0,0,0,0,0,0,0,0.097,0,0.388,0.048,0.024,2.264,49,428,1
t178,0.07,0.37,0.81,0,0.51,0.29,0.07,0,0.07,0.37,0.07,1.48,0.14,0,0.07,0,0.14,0.44,3.55,0,1.85,0,0,0.07,0,0,0,0,0,0,0,0,0,0,0,0,0.14,0,0,0,0,0,0,0,0,0,0,0,0.052,0.073,0,0.167,0.167,0.01,3.412,44,795,1
t179,0,0,0.31,0,0.63,0.63,0.31,0.31,0,0,0,0.31,0.31,0,0,0.31,0.31,0,2.55,0,3.19,0,0,0.31,0,0,0,0,0,0,0,0,0,0,0,0,0,0,0,0,0,0,0,0,0.31,0,0,0,0,0.108,0,0,0.163,0.054,1.515,10,144,1
t180,0,0,0.31,0,0.63,0.63,0.31,0.31,0,0,0,0.31,0.31,0,0,0.31,0.31,0,2.55,0,3.19,0,0,0.31,0,0,0,0,0,0,0,0,0,0,0,0,0,0,0,0,0,0,0,0,0.31,0,0,0,0,0.108,0,0,0.163,0.054,1.515,10,144,1
t181,0.17,0,0.17,0,1.52,0.35,0.05,0.05,0.05,0.05,0.05,0.52,0.29,0.05,0,0,0.64,0.05,4.21,0.23,1.11,0,0.81,0.05,0,0,0,0,0,0,0,0,0,0,0,0,0,0,0,0,0,0,0.05,0,0,0,0,0,0.01,0.052,0,0.01,0.167,0,1.838,13,467,1
t182,0.48,0,0.97,0,0.48,0,0.97,0,0,0,0,0.48,0,0,0,0,0.48,0.48,4.36,0,1.45,0,1.45,0,0,0,0,0,0,0,0,0,0,0,0.48,0,0,0,0,0,0,0,0,0,0.48,0,0,0,0,0,0,1.085,0.232,0.077,5.166,58,186,1
t183,1.24,0.41,1.24,0,0,0,0,0,0,0,0,0.41,0,0,0,0.41,0,0.82,3.73,0,1.24,0,0,0.41,0,0,0,0,0,0,0,0,0,0,0,0,0,0,0,0,0,0,0,0,0.41,0,0,0,0,0.068,0,0.48,0.549,0,3.166,19,114,1
t184,0.34,0.42,0.25,0,0.08,0.42,0.08,0.25,0.08,1.62,0.34,0.51,0.94,0,0.17,0.08,0,0,3,0,0.94,0,0.34,0.34,0,0,0,0,0,0,0,0,0,0,0,0,0,0,0,0,0,0,0,0,0.17,0,0,0,0,0.065,0,0.261,0.294,0.065,3.282,62,535,1
t185,0,0,0,0,0,0,0,0,0,0,0,0,0,0,0,0,0,0,0,0,0.64,8.33,0,0,0,0,0,0,0,0,0,0,0,0,0,0,0,0,0,0,0,0,0,0,0,0,0,0,0,0,0,0.233,0,0.233,9.5,84,323,1
t186,0,1.63,0,0,0,0,1.63,0,0,1.63,0,0,0,0,0,0,0,0,1.63,0,3.27,0,0,0,0,0,0,0,0,0,0,0,0,0,0,0,0,0,0,0,0,0,0,0,0,0,0,0,0,0,0,0,0,0,1.2,2,12,1
t187,0.17,0,0.08,0,0.43,0.08,0.08,0.43,0.08,0.08,0,0.6,0.17,0.17,0,0,0.17,0.08,1.2,0,3.14,0,0.34,0.08,0,0,0,0,0,0,0,0,0,0,0,0,0,0,0,0,0,0,0,0,0,0,0,0,0,0.085,0.028,0.092,0.014,0,4.16,48,1140,1
t188,0.17,0,0.08,0,0.43,0.08,0.08,0.43,0.08,0.08,0,0.6,0.17,0.17,0,0,0.17,0.08,1.2,0,3.14,0,0.34,0.08,0,0,0,0,0,0,0,0,0,0,0,0,0,0,0,0,0,0,0,0,0,0,0,0,0,0.085,0.028,0.092,0.014,0,4.16,48,1140,1
t189,0,0.34,0.69,0,0.34,0.69,0.34,0,0,1.04,0.34,1.38,0,0,0,0.69,0,0.69,4.86,0,1.73,0,0,1.04,0,0,0,0,0,0,0,0,0,0,0,0,0,0,0,0,0,0,0,0,0,0,0,0,0,0.058,0,0.638,0.174,0,2.17,8,89,1
t190,0,0,0.29,0,0.29,0.29,0.29,0.29,0,0,0.58,0.87,0,0,0,0.87,0.58,0.29,2.61,2.61,2.9,0,0,0.58,0,0,0,0,0,0,0,0,0,0,0,0,0,0,0,0,0,0,0,0,0,0,0,0,0,0.046,0,0.14,0,0.14,4.892,139,274,1
t191,0,0,0,0,0.45,0.45,0.45,0,0,0,0,0.45,0,0,0,0,0,0,0.9,0,0,9.04,0,0,0,0,0,0,0,0,0,0,0,0,0,0,0,0,0,0,0,0,0,0,0,0,0,0,0,0,0,0.072,0,1.083,7.857,45,440,1
t192,0,0,0.4,0,0,0,0.2,0,0.8,0.2,0,0.4,0,1.41,0.2,0.4,0,0,3.44,3.03,2.22,0,0,0.4,0,0,0,0,0,0,0,0,0,0,0,0,0,0,0,0,0,0,0,0,0,0,0,0,0.033,0.066,0,0.133,0.066,0,2.704,30,192,1
t193,0,0,0,0,0,0,1.33,0,0,0,0,0,0,0,0,0,0,0,1.33,0,5.33,0,0,0,0,0,0,0,0,0,0,0,0,0,0,0,0,0,0,0,0,0,0,0,0,0,0,0,0,0,0,0.213,1.492,0,29.125,223,233,1
t194,0.22,0.22,0.22,0,1.77,0.22,0.44,0.44,0.22,2.88,0,0.88,0.22,0,1.1,0.44,0,0.44,3.32,0,3.32,0,0.44,0.44,0,0,0,0,0,0,0,0,0,0,0,0,0,0,0,0.44,0,0,0,0,0,0,0,0,0,0,0,0.588,0.156,0,86.7,1038,1734,1
t195,0,0.9,0,0,0,0,0,0,0,0,0,0.9,0,0,0,0,0,1.81,6.36,0,0.9,0,0,0,0,0,0,0,0,0,0,0,0,0,0,0,0,0,0,0,0,0,0,0,0,0,0,0,0,0.146,0,0.292,0,0,3,38,75,1
t196,0.74,0,0,0,0.74,0,0.74,0,0.74,0,0,0,0,0,0,0,0,0,0,0,1.49,0,0,0,0,0,0,0,0,0,0,0,0,0,0,0,0,0,0,0.74,0,0,0,0,0,0,0,0,0,0,0,0.467,0.233,0,1.846,12,72,1
t197,0,0,0,42.81,1.28,0,0.28,0,0,0,0,0.28,0,0,0,0.14,0,0,1.7,0,0.85,0,0,0.42,0,0,0,0,0,0,0,0,0,0,0.14,0,0,0,0,0,0,0,0,0,0,0,0,0.14,0.026,0.078,0,0.13,0,0,7,137,826,1
t198,0,0,0.37,0,1.13,0,0.37,0,0,0.75,0,0.37,0,0,0,0.37,0.75,0,2.65,0,1.13,0,0.37,0,0,0,0,0,0,0,0,0,0,0,0,0,0,0,0,0,0,0,0,0,1.13,0,0,0,0,0.063,0,0.882,0.189,0,4.08,78,253,1
t199,0,0,0,0,0,0,0,0,0,0,0,0,1.33,0,0,0,2.66,5.33,2.66,0,2.66,0,0,0,0,0,0,0,0,0,0,0,0,0,0,0,0,0,0,0,0,0,0,0,0,0,0,0,0,0,0,1.799,0.514,0,1.823,11,62,1
t200,0,0,0.72,0,1.45,0.36,0,0,0,1.45,0,1.09,0,0,0,0.72,0,0,2.54,1.81,0.72,0,0,0,0.36,0.36,0,0,0,0,0,0,0,0,0,0,0,0,0,0,0,0,0,0,0,0,0,0,0,0.056,0,0.963,0.113,0.17,2.622,47,139,1
t201,0.54,0,1.08,0,0.54,0,1.08,0,0,0,0,0.54,0,0,0,0.54,0.54,0,4.32,0,1.08,0,1.62,0,0,0,0,0,0,0,0,0,0,0,0,0,0,0,0,0,0,0,0,0,0.54,0,0,0,0,0,0,1.218,0.261,0,5.323,68,181,1
t202,0,0,0,0,0,0,0,0,0,1.81,0,0,0,0,1.81,1.81,0,0,1.81,0,0,0,5.45,0,0,0,0,0,0,0,0,0,0,0,0,0,0,0,0,0,0,0,0,0,0,0,0,0,0,0.628,0,0.628,0.943,0,2.944,9,53,1
t203,0,0,0.48,0,0.96,0,0.48,0,0,0,0,0,0,0,0,0.48,0.96,0,1.92,0,1.44,0,0.48,0.48,0,0,0,0,0,0,0,0,0,0,0,0,0,0,0,0,0,0,0,0,1.44,0,0,0,0,0.073,0,0.515,0.957,0,6.833,78,328,1
t204,0,0,0,0,0.98,0,0,0,0,0.98,0.98,0.98,0,0,0,0.98,0,0.98,2.94,0,1.96,0,0,0,0.98,0.98,0,0,0,0,0,0,0,0,0,0,0,0,0,0,0,0,0,0,0,0.98,0,0,0,0,0,0.278,0,0,2.95,18,59,1
t205,0,0,0,0,0,0,0,0,0,0,0,0,0,0,0,0,0,0,4.44,0,0,0,0,0,0,0,0,0,0,0,0,0,0,0,0,0,0,0,0,0,0,0,0,0,0,0,0,0,0,0,0,0.833,0,0,1.375,3,11,1
t206,0,0,0,19.16,0.18,0,0.18,0,0,0,0,0,0,0,0,1.89,0,0,0.56,0,0,9.48,0,0.18,0,0,0,0,0,0,0,0,0,0,0,0,0,0,0,0,0,0,0,0,0,0,0,0,0,0,0,0,0,0.294,25.22,180,1261,1
t207,0,0,0.6,0,0,0.6,0,0,0.6,0,0,1.82,0,0,0,0.3,0,0,2.74,0,1.21,0,0,0.6,0,0,0,0,0,0,0,0,0,0,0,0,0,0,0,0,0,0,0,0,0,0,0,0,0,0.143,0.047,0.191,0.143,0,2.041,31,196,1
t208,0,0,0,0,0,0,0,0,0,0,0,1.33,0,0,0,1.33,0,0,2.66,0,4,0,0,0,0,0,0,0,0,0,0,0,0,0,0,0,0,0,0,0,0,0,0,0,0,0,0,0,0,0,0,1.326,0,0,2.2,11,44,1
t209,0.37,0.17,0.3,0.06,0.23,0.17,0.03,0.95,0.37,0.37,0.1,0.64,0.61,0.34,0.2,0.51,0.34,0.34,2.75,0.13,1.36,0,0.27,0.71,0,0,0,0,0,0,0,0,0,0,0,0,0,0,0,0.03,0,0,0,0,0.03,0,0,0,0.011,0.041,0.071,0.379,0.136,0,3.341,181,1955,1
t210,0,0,0.6,0,0,0.6,0,0,0.6,0,0,1.81,0,0,0,0.3,0,0,2.72,0,1.21,0,0,0.6,0,0,0,0,0,0,0,0,0,0,0,0,0,0,0,0,0,0,0,0,0,0,0,0,0,0.142,0.047,0.19,0.142,0,2.03,31,199,1
t211,0.58,0,0,35.46,0.58,0,0.58,0.58,0,0,0,0,0,0.58,0,0.58,0.58,0.58,0.58,0,1.74,0,0,1.16,0,0,0,0,0,0,0,0,0,0,0,0,0,0,0,0,0,0,0,0,0,0,0,0,0,0,0,0.239,0.239,0,3.338,123,207,1
t212,0,0,1.4,0,0.46,0,0.46,1.4,0,0.46,0,0,0,0,0,0,0,0,2.8,0,1.86,0,0,0,0,0,0,0,0,0,0,0,0,0,0,0,0,0,0,0.93,0,0,0,0,0,0,0,0,0,0.123,0,0.37,0,0,6.137,54,313,1
t213,0,0,0.3,0,0.3,0.91,0,0.3,0,0,0,0.3,0.3,0,0,0.3,0.3,0.3,2.12,0,3.03,0,0,0.3,0,0,0,0,0,0,0,0,0,0,0,0,0,0,0,0,0,0,0,0,0.3,0,0,0,0,0.211,0,0,0.211,0.052,1.745,11,185,1
t214,0,0,0.3,0,0.3,0.9,0,0.3,0,0,0,0.3,0.3,0,0,0.3,0.3,0.3,2.11,0,3.02,0,0,0.3,0,0,0,0,0,0,0,0,0,0,0,0,0,0,0,0,0,0,0,0,0.3,0,0,0,0,0.21,0,0,0.21,0.052,1.738,11,186,1
t215,1.19,0.59,0,0,0.59,0,0,0.59,0,0,0,0,0.59,0,0,0,0,0.59,3.57,0,6.54,0,0,0.59,0,0,0,0,0,0,0,0,0,0,0,0,0,0,0,0,0,0,0,0,0,0,0,0,0,0,0,0.103,0,0,1.437,11,161,1
t216,0.5,0.25,0.42,0,0.08,0.23,0.02,0.35,0.35,0.69,0.21,0.9,0.5,0.92,0.02,0.33,0.42,0.02,3.05,0,1.43,0,0.94,0.46,0,0,0,0,0,0,0,0,0,0,0,0,0,0,0,0.02,0,0,0,0,0.02,0,0.02,0,0,0.069,0,0.325,0.523,0.124,6.723,445,4128,1
t217,0.58,0,0,35.46,0.58,0,0.58,0.58,0,0,0,0,0,0.58,0,0.58,0.58,0.58,0.58,0,1.74,0,0,1.16,0,0,0,0,0,0,0,0,0,0,0,0,0,0,0,0,0,0,0,0,0,0,0,0,0,0,0,0.239,0.239,0,3.338,123,207,1
t218,0,0,0.3,0,0.3,0.91,0,0.3,0,0,0,0.3,0.3,0,0,0.3,0.3,0.3,2.12,0,3.03,0,0,0.3,0,0,0,0,0,0,0,0,0,0,0,0,0,0,0,0,0,0,0,0,0.3,0,0,0,0,0.211,0,0,0.211,0.052,1.752,11,184,1
t219,0,0,0.3,0,0.3,0.91,0,0.3,0,0,0,0.3,0.3,0,0,0.3,0.3,0.3,2.12,0,3.03,0,0,0.3,0,0,0,0,0,0,0,0,0,0,0,0,0,0,0,0,0,0,0,0,0.3,0,0,0,0,0.211,0,0,0.211,0.052,1.752,11,184,1
t220,0.47,0,1.19,0,0.23,0.23,0,0,0,0.47,0,1.43,0,0,0,0.71,1.43,0,5.26,0,2.63,0,0.71,0.23,0,0,0,0,0,0,0,0,0,0,0,0,0,0,0.23,0,0,0,0,0,0,0,0,0,0,0.178,0,0.402,0.402,0.089,5.681,49,392,1
t221,0,0,1.79,0,0,0.59,0,0.59,0,0,0,0,0,0,0,0,0,0,0,0,0,0,0.59,0,0,0,0,0,0,0,0,0,0,0,0,0,0,0,0,1.19,0,0,0,0,0,0,0,0,0,0,0,0,0,0,2.103,10,204,1
t222,0,0,0,0,0,0,0,0,0,0,0,0,0,0,0,0,0,0,7.14,0,0,0,0,0,0,0,0,0,0,0,0,0,0,0,0,0,0,0,0,0,0,0,0,0,0,0,0,0,0,0,0,4.347,0,0,3,7,9,1
t223,0,0,0.48,0,0.72,0.48,0,0,0.24,0,0.48,0.24,0,0,0,0.48,0,0,1.2,0,1.44,0,0.48,0.24,0,0,0,0,0,0.24,0,0,0,0,0,0,0,0,0,0.24,0,0,0.24,0,0,0,0,0.24,0,0.036,0,0.036,0.184,0,2.336,66,264,1
t224,0,0,0.48,0,0.72,0.48,0,0,0.24,0,0.48,0.24,0,0,0,0.48,0,0,1.2,0,1.44,0,0.48,0.24,0,0,0,0,0,0.24,0,0,0,0,0,0,0,0,0,0.24,0,0,0.24,0,0,0,0,0.24,0,0.036,0,0.036,0.184,0,2.336,66,264,1
t225,0.34,0.25,0.25,0,0.08,0.43,0.08,0.25,0.08,1.47,0.34,0.51,0.95,0,0.17,0.08,0,0,3.03,0,0.77,0,0.34,0.34,0,0,0,0,0,0,0,0,0,0,0,0,0,0,0,0,0,0,0,0,0.17,0,0,0,0,0.049,0,0.263,0.263,0.065,3.076,62,526,1
t226,0.43,0,0,0,0.87,0.87,0,0,0,0.43,0,2.18,0,0,0,0,1.74,0,0.87,0,0.87,0,0,0.43,0,0,0,0,0,0,0,0,0,0,0,0.43,0,0,0,0,0,0,0,0,0,0,0,0,0,0,0,0.802,0,0,5.114,107,179,1
t227,0.43,0,0,0,0.87,0.87,0,0,0,0.43,0,2.18,0,0,0,0,1.74,0,0.87,0,0.87,0,0,0.43,0,0,0,0,0,0,0,0,0,0,0,0.43,0,0,0,0,0,0,0,0,0,0,0,0,0,0,0,0.874,0,0,5.114,107,179,1
t228,0,0,0.29,0,0.29,0.29,0.29,0.29,0,0,0.58,0.87,0,0,0,0.87,0.58,0.29,2.61,2.61,2.9,0,0,0.58,0,0,0,0,0,0,0,0,0,0,0,0,0,0,0,0,0,0,0,0,0,0,0,0,0,0.046,0,0.14,0,0.14,4.892,139,274,1
t229,0,0,0,0,0,0,0,0,0,0,0,0,0,0,0,0,0,1.4,7.04,0,0,0,0,0,0,0,0,0,0,0,0,0,0,0,0,0,0,0,0,0,0,0,0,0,0,0,0,0,0,0,0,0.543,0,0,5,15,50,1
t230,0,0,0,0,0.36,0.36,0,0.36,0.36,0.36,0,0.36,0,0,0,0,0.73,0,2.94,0,4.04,0,0,0.36,0,0,0,0,0,0,0,0,0,0,0,0,0,0,0,0,0,0,0,0.36,0,0,0,0,0,0,0,0.653,0.118,0,1.53,13,75,1
t231,0,0,0.97,0,0.38,0.19,0,0,0,0.19,0,1.16,0,0,0,0,0,0,0.58,0,0.38,0,0.77,0,0,0,0,0,0,0,0,0,0,0.19,0,0,0.19,0,0,0,0,0,0,0,0,0,0,0,0,0.208,0,0.364,0.312,0,7.541,192,543,1
t232,0.17,0,0.08,0,0.42,0.08,0.08,0.42,0.08,0.08,0,0.6,0.17,0.17,0,0,0.17,0.08,1.2,0,3.17,0,0.34,0.08,0,0,0,0,0,0,0,0,0,0,0,0,0,0,0,0,0,0,0,0,0,0,0,0,0,0.085,0.028,0.099,0.014,0,4.07,48,574,1
t233,0.52,0,2.38,0,0.26,0,0.26,0,0.52,0,0.26,0,0,0,0,0.79,0,0,1.32,0,1.05,0,0,0.52,0,0,0,0,0,0,0,0,0.26,0,0,0.26,0.26,0,0.52,0,0,0,0,0,0,0,0,0,0,0.69,0,0.327,0,0,5.549,71,566,1
t234,0.46,0.31,0.46,0,0.05,0.13,0.05,0.26,0.44,0.75,0.26,0.96,0.57,1.22,0,0.1,0.44,0,3.21,0,1.48,0,1.01,0.33,0,0,0,0,0,0,0,0,0,0,0,0,0,0,0,0,0,0,0,0,0.02,0,0,0,0,0.068,0,0.346,0.793,0.159,6.05,199,3213,1
t235,0.18,0,0.54,0,1.09,0.18,0.54,0,0.54,0.54,0,0.18,0,0,0.18,0.36,0.18,0.54,1.82,0,2,0,0,0.18,0,0,0,0,0,0,0,0,0,0,0,0,0,0,0,0,0,0.18,0,0,0,0,0,0,0,0.166,0,0.249,0.305,0,3.921,59,447,1
t236,0.17,0,0.08,0,0.42,0.08,0.08,0.42,0.08,0.08,0,0.6,0.17,0.17,0,0,0.17,0.08,1.2,0,3.17,0,0.34,0.08,0,0,0,0,0,0,0,0,0,0,0,0,0,0,0,0,0,0,0,0,0,0,0,0,0,0.085,0.028,0.099,0.014,0,4.07,48,574,1
t237,0,0,1.26,0,0,0,0,0,0,0,0,0,1.26,0,0,0,2.53,5.06,2.53,0,3.79,0,0,0,0,0,0,0,0,0,0,0,0,0,0,0,0,0,0,0,0,0,0,0,0,0,0,0,0,0,0,1.9,0.475,0,1.763,11,67,1
t238,0,0,0,0,0,0,0.36,0,0,0,0,0,0,0,0,0.36,0,0,3.3,0,0,0,0,0,0,0,0,0,0,0,0,0,0,0,0,0,0,0,0,0,0,0,0,0,0.73,0,0,0,0,0,0,0.053,0.053,0,18.37,134,496,1
t239,0.37,0.75,1.13,0,0.37,0,0,0.37,0.37,1.88,0.37,2.64,0,0.37,0,0.37,0,0,2.26,0,4.52,0,0.37,0,0,0,0,0,0,0,0,0,0,0,0,0,0,0,0,0,0,0,0,0,0,0,0,0,0,0.197,0,1.248,0.197,0.065,58.705,842,998,1
t240,0,0.57,0,0,0,0,0,0,0,0,0.57,0.57,1.15,0,0,0,0,1.73,3.46,0,1.15,0,0,0,0,0,0,0,0,0,0,0,0,0,0,0,0,0,0,0,0,0,0,0,0,0,0,0,0,0,0,0.107,0,0,1.421,7,54,1
t241,0,0,0,0,0,0,0,0,0,0,0,0,0,0,0,0,0,0,2.17,0,2.17,0,0,0,0,0,0,0,0,0,0,0,0,0,0,0,0,0,0,0,0,0,0,0,0,0,0,0,0,0,0,0.411,0,0,4.307,15,56,1
t242,0.09,0.49,0.59,0,0.39,0.19,0,0,0.09,0.39,0,1.59,0.19,0,0,0,0.09,0,3.79,0,1.09,0,0,0.09,0,0,0,0,0,0,0,0,0,0,0,0,0,0,0,0,0,0,0,0,0,0,0,0,0.778,0.037,0,5.924,1.33,0,5.8,54,725,1
t243,0,0,0,0,0.38,0.38,0.38,0.38,0,0,0.38,0,0,0,0,0.38,0,0,3.87,0,1.93,0,0,0.38,0,0,0,0,0,0,0,0,0,0,0,0,0,0,0,0,0,0,0,0,0,0,0,0,0,0,0,0.123,0,0,2.062,12,99,1
t244,0,0,0,0,0,0,0,0,0,0,0,0,0,0,0,0,0,0,3.17,0,3.17,0,3.17,0,0,0,0,0,0,0,0,0,0,0,0,0,0,0,0,0,0,0,0,0,0,0,0,0,0,0,0,0.298,0.597,0,3.333,12,30,1
t245,0,0.49,1.97,0,2.46,0,0,0,0,0,0,0,0.49,0,0,0.49,1.47,0.49,4.43,0,0.49,0,0,0,0,0,0,0,0,0,0,0,0,0,0,0,0,0,0,0,0,0,0,0,0,0,0,0,0,0,0,0.424,0,0,12.692,152,330,1
t246,0,0,0,0,0.38,0.38,0.38,0.38,0,0,0.38,0,0,0,0,0.38,0,0,3.87,0,1.93,0,0,0.38,0,0,0,0,0,0,0,0,0,0,0,0,0,0,0,0,0,0,0,0,0,0,0,0,0,0,0,0.123,0,0,2.062,12,99,1
t247,0.06,0.12,0.77,0,0.19,0.32,0.38,0,0.06,0,0,0.64,0.25,0,0.12,0,0,0.12,1.67,0.06,0.7,0,0.19,0,0,0,0,0,0,0,0,0,0,0,0,0,0,0,0,0,0,0,0,0.06,0,0,0,0,0.041,0.031,0,0.25,0.073,0,1.764,37,766,1
t248,0.74,0.74,0.74,0,0,0,0.37,0,0.37,1.12,1.12,1.12,0,0,0,0,0,0.74,2.99,0,2.24,0,0,0.37,0,0,0,0,0,0,0,0,0,0,0,0,0,0,0,0,0,0,0,0,0,0,0,0,0,0,0.061,0.061,0.122,0,4.727,57,208,1
t249,0,0,0,0,1.58,0,0.39,1.19,0,0.39,0,0.79,0,0,0,0,1.58,0.39,3.96,0,1.98,0,0,0,0,0,0,0,0,0,0,0,0,0,0.79,0,0,0,0,0,0,0,0,0,0,0,0,0,0,0,0,0.705,0.211,0,1.903,13,118,1
t250,1.24,0,0.82,0,0,0,0.41,0,0,0.41,0,0.41,0,0,0,1.65,0.41,0,2.9,0,0.41,0,0.41,0.82,0,0,0,0,0,0,0,0,0,0,0,0,0,0,0,0,0,0,0,0,0,0,0,0,0,0.193,0,0.904,5.3,0,7.478,92,344,1
t251,0,0.09,0.14,0,1.04,0.09,0.09,0,0.79,0,0.04,0.29,0.19,0,0,0,0.14,0.04,1.53,0.24,1.23,0,0.29,0.04,0,0,0,0,0,0,0,0,0,0,0,0,0,0,0,0,0,0,0.04,0,0.04,0,0,0,0.015,0.119,0.007,0.431,0.111,0,3.37,87,1645,1
t252,1.24,0,0.82,0,0,0,0.41,0,0,0.41,0,0.41,0,0,0,1.65,0.41,0,2.9,0,0.41,0,0.41,0.82,0,0,0,0,0,0,0,0,0,0,0,0,0,0,0,0,0,0,0,0,0,0,0,0,0,0.193,0,0.904,5.3,0,7.478,92,344,1
t253,0,0,0,0,0,0,0,0,0,0,0,0,0,0,0,0,0,0,0,0,0,0,0,1.42,0,0,0,0,0,0,0,0,0,0,0,0,0,0,0,0,0,0,0,0,0,0,0,0,0,0,0,0,0,0,4.722,57,85,1
t254,0,0,0,0,1.21,0,1.21,1.21,1.21,1.21,1.21,1.21,0,0,0,0,4.87,0,2.43,1.21,4.87,0,0,0,0,0,0,0,0,0,0,0,0,0,0,0,0,0,0,0,0,0,0,0,0,0,0,0,0,0,0,0.555,0,0,104.67,311,314,1
t255,1.44,0,0,0,0,0,0,0,0,0.48,0,2.4,0,0,0,0.96,0,0,6.73,0,1.92,0,0.48,0,0,0,0,0,0,0,0,0,0,0,0,0,0,0,0,0,0,0,0,0,0.48,0,0,0,0,0,0,0.174,0.087,0,1.612,12,50,1
t256,0.47,0.31,0.47,0,0.05,0.13,0.05,0.26,0.42,0.76,0.26,0.97,0.57,1.23,0,0.1,0.47,0,3.23,0,1.49,0,0.99,0.34,0,0,0,0,0,0,0,0,0,0,0,0,0,0,0,0,0,0,0,0,0.02,0,0,0,0,0.067,0,0.328,0.858,0.157,5.928,199,3160,1
t257,0,0,0,0,1.47,1.47,1.47,0,0,0,0,0,0,0,0,0,0,0,0,0,0,0,0,0,0,0,0,0,0,0,0,0,0,0,0,0,0,0,0,0,0,0,0,0,0,0,0,0,0,0,0,1.562,0,0,5,95,170,1
t258,0.53,0,1.06,0,0.53,0,1.06,0,0,0,0,0.53,0,0,0,1.06,0.53,0,4.25,0,1.06,0,1.59,0,0,0,0,0,0,0,0,0,0,0,0,0,0,0,0,0,0,0,0,0,0.53,0,0,0,0,0,0,1.208,0.259,0,5.558,76,189,1
t259,1.24,0.41,1.24,0,0,0,0,0,0,0,0,0.41,0,0,0,0.41,0,0.82,3.73,0,1.24,0,0,0.41,0,0,0,0,0,0,0,0,0,0,0,0,0,0,0,0,0,0,0,0,0.41,0,0,0,0,0.068,0,0.48,0.549,0,3.166,19,114,1
t260,0,0.55,0.55,0,2.23,0,0.55,0,0,0,0,0.55,0.55,0,0,0.55,2.79,0,3.91,0,1.67,0,0,0,0,0,0,0,0,0,0,0,0,0,0,0,0,0,0,0,0,0,0,0,0,0,0,0,0,0.259,0,1.208,0.345,0,4.761,140,200,1
t261,0,0.55,0.55,0,2.23,0,0.55,0,0,0,0,0.55,0.55,0,0,0.55,2.79,0,3.91,0,1.67,0,0,0,0,0,0,0,0,0,0,0,0,0,0,0,0,0,0,0,0,0,0,0,0,0,0,0,0,0.258,0,1.207,0.345,0,4.761,140,200,1
t262,0.37,0.75,1.13,0,0.37,0,0,0.37,0.37,1.89,0.37,2.65,0,0.37,0,0.37,0,0,2.27,0,4.54,0,0.37,0,0,0,0,0,0,0,0,0,0,0,0,0,0.37,0,0,0,0,0,0,0,0,0,0,0,0,0.196,0,1.246,0.196,0.065,62.5,845,1000,1
t263,0.34,0,0.69,0,0.17,0.51,0,0.51,0.17,0.17,0.17,1.38,0,0,0,0.34,1.03,0.17,1.9,1.55,3.81,0,0.17,0.51,0,0,0,0,0,0,0,0,0,0,0,0,0,0,0,0,0,0,0,0,0.17,0,0,0,0,0.17,0,1.275,0.141,0,5.598,78,711,1
t264,0,0.89,1.15,0,0.12,0,0,0.12,0.25,0.12,0.12,0.38,0.12,0,1.15,0,0.12,2.04,2.81,0.12,1.27,0,0,0.12,0,0,0,0,0,0,0,0,0,0,0,0.12,0,0,0,0,0,0,0,0,0,0,0,0,0,0.164,0,0.371,0.061,0,2.89,84,477,1
t265,0,0.47,0.47,0,1.89,0,1.18,0.23,0,0.47,0.23,0.7,0.23,0,0.47,0.23,1.41,0,2.83,0,1.65,0,0,0,0,0,0,0,0,0,0,0,0,0,0,0,0,0,0,0,0,0,0,0,0,0,0,0,0,0,0,0.08,0,0,1.844,13,83,1
t266,0.47,0.31,0.47,0,0.05,0.13,0.05,0.26,0.44,0.76,0.26,0.97,0.58,1.26,0,0.26,0.44,0,3.24,0,1.5,0,1.02,0.34,0,0,0,0,0,0,0,0,0,0,0,0,0,0,0,0,0,0,0,0,0.02,0,0,0,0.009,0.067,0,0.329,0.78,0.162,6.045,193,3059,1
t267,0,0,0,0,1.35,0.45,0,0,0,0,0,0,0.45,0,0,0.45,0.45,0.45,1.8,0,1.35,0,0,0,0,0,0,0,0,0,0,0,0,0,0,0,0,0,0,0,0,0,0,0,0,0,0,0,0,0.138,0,0.138,0,0,5.809,46,122,1
t268,0,0,0,0,0,0,1.23,0,0,0,0,0,0,0,0,1.23,0,0,0,0,0,0,0,0,0,0,0,0,0,0,0,0,0,0,0,0,0,0,0,0,0,0,0,0,0,0,0,0,0,0,0,1.939,0,0,1.379,8,40,1
t269,0,0,0,0,0,0,1.23,0,0,0,0,0,0,0,0,1.23,0,0,0,0,0,0,0,0,0,0,0,0,0,0,0,0,0,0,0,0,0,0,0,0,0,0,0,0,0,0,0,0,0,0,0,1.947,0,0,1.379,8,40,1
t270,0,0,0,0,0,0,1.23,0,0,0,0,0,0,0,0,1.23,0,0,0,0,0,0,0,0,0,0,0,0,0,0,0,0,0,0,0,0,0,0,0,0,0,0,0,0,0,0,0,0,0,0,0,1.949,0,0,1.379,8,40,1
t271,0.19,0,0,0,0.09,0.09,0.19,0,0,0.09,0.09,0.69,0.09,0,0,0,0,0.19,1.38,0,0.49,0,0.39,0,0,0,0,0,0,0,0,0,0,0,0,0.09,0,0,0,0,0,0,0,0,0,0,0,0.09,0.017,0.068,0,0.586,0.189,0.017,2.349,31,477,1
t272,1.03,0,0.68,0,1.03,0,0.68,0,0,0.68,0,0.68,0,0,0.34,0.68,0,0,5.86,0,1.37,0,0.34,0.34,0,0,0,0,0,0,0,0,0,0,0,0,0,0,0,0,0,0,0,0,0.34,0,0,0,0,0,0,0.503,0.062,0,1.82,12,91,1
t273,0.27,0,0.27,0,0,0,0,0,0,0.27,0.27,0.55,0,0,0,0,0,0,2.2,0,0.27,0,0,0,0,0,0,0,0,0,0,0,0,0,0,0,1.1,0,0,0,0,0,0,0,0,0,0,0,0,0,0,0.136,0.182,0,8.207,30,435,1
t274,0,1.09,0,0,0,0,0,1.09,0,0,0,0,0,0,0,0,0,0,0,0,1.09,0,0,0,0,0,0,0,0,0,0,0,0,0,0,0,1.09,0,0,0,0,0,0,0,1.09,0,0,0,0.173,0.519,0,0,0.692,0,4.941,25,84,1
t275,0,0.89,1.14,0,0.12,0,0,0.12,0.25,0.12,0.12,0.38,0.12,0,1.14,0,0.12,2.04,2.8,0.12,1.27,0,0,0.12,0,0,0,0,0,0,0,0,0,0,0,0.12,0,0,0,0,0,0,0,0,0,0,0,0,0,0.165,0,0.371,0.061,0,2.878,84,475,1
t276,0,0,0,0,1.2,0,1.2,1.2,1.2,1.2,1.2,1.2,0,0,0,0,4.81,0,2.4,1.2,3.61,0,0,0,0,0,0,0,0,0,0,0,0,0,0,0,0,0,0,0,0,0,0,0,0,0,0,0,0,0,0,0.331,0,0,50.166,295,301,1
t277,0.49,0,0.74,0,0.24,0.74,0.24,0.74,0.24,0.24,0.24,1.23,0,0,0,0,1.23,0,1.23,1.73,2.47,0,0.24,0.74,0,0,0,0,0,0,0,0,0,0,0,0,0,0,0,0,0,0,0,0,0,0,0,0,0,0.116,0,1.634,0.155,0,3.975,47,485,1
t278,0,0,0.6,0,0.6,0,0.6,0,0,0,0,0,0.6,0,0,0,0,0.6,1.81,0,1.21,0,0,0.6,0,0,0,0,0,0,0,0,0,0,0,0,0,0,0,0,0,0,0,0,0,0,0,0,0,0.412,0,0.619,0.103,0,6.166,33,259,1
t279,0,0.46,0.46,0,1.38,0,0,1.85,0,0.92,0.46,0,0,0,0,0.92,0,0,0.92,0.46,1.38,0,0,0.46,0,0,0,0,0,0,0,0,0,0,0,0,1.38,0,0,0.46,0,0,0,0,0,0,0,0,0,0.072,0,0.795,0.217,0,4.869,66,224,1
t280,0.67,0,0.67,0,0,0,0,0,0,0.67,0,0,0,0,0,0,0,0,1.35,0,1.35,0,0,0,0,0,0,0,0,0,0,0,0,1.35,0,0,0,0,0,0,0,0,0,0,0,0,0,0,0,0,0,2.362,0,0,3.384,37,132,1
t281,0,0,0,0,0,0,1.47,1.47,1.47,1.47,1.47,0,0,0,0,0,2.94,0,0,1.47,2.94,0,0,0,0,0,0,0,0,0,0,0,0,0,0,0,1.47,0,0,0,0,0,0,0,0,0,0,0,0,0.147,0,0.294,0.147,0,72,281,288,1
t282,0,0.49,0.49,0,1.49,0,0,0,0,0.99,0.49,0,0,0,0,0.49,0,0,0.99,0.49,1.99,0,0,0.49,0,0,0,0,0,0,0,0,0,0,0,0,1.49,0,0,0.49,0,0,0,0,0,0,0,0,0,0.078,0,0.625,0.312,0,4.75,47,190,1
t283,0,0.53,0,0,0,0.53,0.53,0,0,0,0,0,0,0,0,0,0,1.6,2.67,0,1.6,0,0,0,0,0,0,0,0,0,0,0,0,0,0,0,0,0,0,0,0,0,0,0,0,0,0,0,0,0.255,0,0,0,0,2.131,12,81,1
t284,0,0,0,0,0,0,0,0,0,0,0,0,0,0,0,0,0,0,5.55,0,1.11,0,0,0,0,0,0,0,0,0,0,0,0,0,0,0,0,0,0,0,0,0,0,0,0,0,0,0,0,0,0,1.473,0,0,4.071,29,114,1
t285,0,0.56,0.56,0,2.27,0,0.56,0,0,0,0,0.56,0.56,0,0,0.56,3.4,0,3.97,0,1.7,0,0,0,0,0,0,0,0,0,0,0,0,0,0,0,0,0,0,0,0,0,0,0,0,0,0,0,0,0.262,0,1.135,0.349,0,5.105,140,194,1
t286,0.23,0.59,0.23,0,0.23,0.11,0,0,0.82,1.18,0.11,2,0.23,0,0,0,0.11,0,4.84,4.96,1.77,0,0,0.23,0,0,0,0,0,0,0,0,0,0,0,0,0,0,0,0,0,0,0,0,0.11,0,0,0,0,0.186,0,0.13,0.168,0.018,5.76,175,795,1
t287,0,0,0.56,0,1.12,0,0,0,0,0,0,0,0.93,0,0.18,0,0.37,0.37,3.18,0,0.93,0,0,0,0,0,0,0,0,0,0,0,0,0,0,0,0,0,0,0,0,0,0,0,0,0,0,0,0,0.189,0,0.441,0,0,1.372,4,70,1
t288,0,0,0.47,0,1.42,0,0,0,0,0,0,0.95,0,0,0,0,0.95,0,2.38,0,2.38,0,0.47,0,0,0,0,0,0,0,0,0,0,0,0,0,0,0,0,0,0,0,0,0,0.47,0,0,0,0,0.082,0,0.496,0.248,0,5.187,80,249,1
t289,0,0,0.56,0,1.12,0,0,0,0,0,0,0,0.93,0,0.18,0,0.37,0.37,3.18,0,0.93,0,0,0,0,0,0,0,0,0,0,0,0,0,0,0,0,0,0,0,0,0,0,0,0,0,0,0,0,0.189,0,0.441,0,0,1.372,4,70,1
t290,0,0,0.48,0,0.72,0.48,0,0,0.24,0,0.48,0.24,0,0,0,0.48,0,0.24,1.21,0,1.45,0,0.48,0.24,0,0,0,0,0,0.24,0,0,0,0,0,0,0,0,0,0.24,0,0,0.24,0,0,0,0,0.24,0,0.036,0,0.036,0.184,0,2.276,66,255,1
t291,0,0.36,0.72,0,1.44,0,0.36,0,0,1.44,0.72,0.36,0.36,0,0,0,0,0,2.89,0,2.17,0,0,0,0,0,0,0,0,0,0,0,0,0,0,0,0,0,0,0,0,0,0,0,0,0,0,0,0,0,0,0,0,2.517,6.685,60,234,1
t292,0.67,0,0.67,0,0,0,0,0,0,0.67,0,0,0,0,0,0,0,0,1.35,0,1.35,0,0,0,0,0,0,0,0,0,0,0,0,0,0,0,0,0,0,0,0,0,0,0,0,0,0,0,0,0,0,2.413,0,0,3.384,37,132,1
t293,0,0.47,0,0,0.47,0,0,0,0,0,0.47,0,0,0,0,0.47,0,0.95,1.9,0,1.42,0,0,0,0,0,0,0,0,0,0,0,0,0,0,0,0,0,0,0,0,0,0,0,0,0,0,0,0,0.056,0,0,0,0,7.18,182,359,1
t294,0,0.47,0,0,0.47,0,0,0,0,0,0.47,0,0,0,0,0.47,0,0.95,1.9,0,1.42,0,0,0,0,0,0,0,0,0,0,0,0,0,0,0,0,0,0,0,0,0,0,0,0,0,0,0,0,0.056,0,0,0,0,7.18,182,359,1
t295,0.43,0.28,0.43,0,0.04,0.11,0.04,0.21,0.4,0.69,0.23,0.88,0.52,1.14,0,0.23,0.4,0,2.93,0,1.36,0,0.97,0.31,0,0,0,0,0,0,0,0,0,0,0,0,0,0,0,0,0,0,0,0,0.02,0,0,0,0,0.064,0,0.311,0.734,0.145,5.328,144,3016,1
t296,0,0,2.5,0,0,0,0,0,0,0,0,0,0,0,0,5,0,0,0,0,0,0,0,0,0,0,0,0,0,0,0,0,0,0,0,0,0,0,0,0,0,0,0,0,0,0,0,0,0,0.303,0,0.909,0,0,2.857,11,40,1
t297,0.1,0.2,1.01,0,0.8,0.8,0.5,0,0.8,0.1,0.3,0.7,0.3,0,1.61,0.1,0,1.11,1.31,0.2,0.7,0,0.6,0.1,0,0,0,0,0,0,0,0,0,0,0,0,0,0,0,0,0,0,0.2,0,0.1,0.1,0,0,0,0.11,0,0.49,0.158,0.015,8.55,669,1351,1
t298,0,0,0,0,0,0,1.47,1.47,1.47,1.47,1.47,0,0,0,0,0,2.94,0,0,1.47,2.94,0,0,0,0,0,0,0,0,0,0,0,0,0,0,0,1.47,0,0,0,0,0,0,0,0,0,0,0,0,0.147,0,0.294,0.147,0,71.5,281,286,1
t299,0,0.56,0.56,0,2.25,0,0.56,0,0,0,0,0.56,0.56,0,0,0.56,3.38,0,3.95,0,1.69,0,0,0,0,0,0,0,0,0,0,0,0,0,0,0,0,0,0,0,0,0,0,0,0,0,0,0,0,0.26,0,1.217,0.347,0,5.105,140,194,1
t300,0,0,0,0,2.38,0,0,0,0,0,0,0,0,0,0,0,0,0,4.76,0,0,0,0,0,0,0,0,0,0,0,0,0,0,0,0,0,0,0,0,0,0,0,0,0,0,0,0,0,0,0,0,0,0,0,2,11,20,1
t301,0,0,0.55,0,1.11,0,0,0,0,0,0,0,0.92,0,0.18,0,0.37,0.37,3.14,0,0.92,0,0,0,0,0,0,0,0,0,0,0,0,0,0,0,0,0,0,0,0,0,0,0,0,0,0,0,0,0.186,0,0.434,0,0,1.377,4,73,1
t302,0,0,0,0,0,0,0,0,0,0,0,0,0,0,0,3.12,0,0,0,0,0,0,0,0,0,0,0,0,0,0,0,0,0,0,0,0,0,0,0,0,0,0,0,0,0,0,0,0,0,0.462,0,0.462,0,0,3.125,6,25,1
t303,0.47,0.31,0.47,0,0.05,0.15,0.05,0.23,0.44,0.76,0.26,0.97,0.58,1.27,0,0.26,0.44,0,3.25,0,1.5,0,1.11,0.34,0,0,0,0,0,0,0,0,0,0,0,0,0,0,0,0,0,0,0,0,0.02,0,0,0,0,0.068,0,0.344,0.784,0.154,6.094,193,3029,1
t304,0,0,0,0,0,0,0,0,0,0,0,0,0,0,0,0.81,0,0,4.09,0,0,0,0,0,0,0,0,0,0,0,0,0,0,0,0,0,0,0,0,0,0,0,0,0,0,0,0,0,0,0.176,0,0.706,0,0,8.411,55,143,1
t305,0,0.47,0,0,0,0.47,0,0,0.23,0.23,0,1.19,0.47,0,0,0.23,0,0.47,2.63,0,0.47,0,0,0.23,0,0,0,0,0,0,0,0,0,0,0.23,0,0.23,0,0,0,0,0,0,0,0,0,0,0,0,0,0,0.327,1.357,0.046,5.769,72,450,1
t306,0,0,0,42.73,0,0,0.42,0,0,0.42,0,0.42,0,0,0.42,0,0,1.28,2.99,0,2.13,0,1.28,0,0,0,0,0,0,0,0,0,0,0,0,0,0.42,0,0,0,0,0,0,0,0,0,0,0,0,0,0,0,0.349,0,7,105,441,1
t307,0,0,0.54,0,1.08,0,0,0,0,0,0,0.18,0.9,0,0.18,0,0.36,0.36,3.06,0,0.9,0,0,0,0,0,0,0,0,0,0,0,0,0,0,0,0,0,0,0,0,0,0,0,0,0,0,0,0.029,0.178,0,0.416,0,0,1.373,6,92,1
t308,0,0,0.58,0.58,0,0,0,0.29,0,0,0,0,0.29,0,0,0,0.29,0.58,2.91,0.87,1.74,0,0,0.29,0,0,0,0,0,0,0,0,0,0,0,0,0,0,0,0,0,0,0,0,0,0,0,0,0,0.43,0,1.434,0,0.047,3.281,64,361,1
t309,0,0,0.48,0,1.44,0.48,0,0,0,0,0,0.96,0,0,0,0,0.96,0,2.41,0,2.41,0,0.48,0,0,0,0,0,0,0,0,0,0,0,0,0,0,0,0,0,0,0,0,0,0.48,0,0,0,0,0.083,0,0.502,0.251,0,5.488,80,247,1
t310,0,0,0.48,0,1.45,0,0,0,0,0,0,0.97,0,0,0,0,0.97,0,2.42,0,2.42,0,0.48,0,0,0,0,0,0,0,0,0,0,0,0,0,0,0,0,0,0,0,0,0,0.48,0,0,0,0,0.084,0,0.421,0.252,0,5.173,80,238,1
t311,0,0,0.49,0,1.47,0,0,0,0,0,0,0.98,0,0,0,0,0.98,0,2.45,0,2.45,0,0.49,0,0,0,0,0,0,0,0,0,0,0,0,0,0,0,0,0,0,0,0,0,0.49,0,0,0,0,0.084,0,0.677,0.254,0,5.2,80,234,1
t312,0.72,0,0,0,0,0,1.45,0,0,0,0,0.72,0,0,0,0,1.45,0,2.18,1.45,5.1,0,0,0,0,0,0,0,0,0,0,0,0,0,0,0,0,0,0,0,0,0,0,0,0,0,0,0,0,0,0,0.105,0,0,2.689,25,78,1
t313,0.45,0.28,0.42,0,0.04,0.11,0.04,0.21,0.4,0.69,0.23,0.88,0.52,1.14,0,0.23,0.4,0,2.93,0,1.36,0,1,0.31,0,0,0,0,0,0,0,0,0,0,0,0,0,0,0,0,0,0,0,0,0.02,0,0,0,0,0.065,0,0.318,0.754,0.152,5.349,144,3033,1
t314,1.17,0,0,0,0,0,0,0,0,0,0,1.17,0,0,0,0,1.17,0,3.52,0,0,0,0,0,0,0,0,0,0,0,0,0,0,0,0,0,0,0,0,0,0,0,0,0,1.17,0,0,0,0,0,0,0.924,0,0,1.966,10,59,1
t315,0,0,0,0,0.64,0,0,0,0,0,0.64,0.64,0,0,0,0,1.29,0,1.29,5.19,1.29,0,0,0.64,0,0,0,0,0,0,0,0,0,0,0,0,0,0,0,0,0,0,0,0,0,0,0,0,0,0.468,0,0.093,0,0,2.755,66,135,1
t316,0,0,0,0,0.64,0,0,0,0,0,0.64,0.64,0,0,0,0,1.29,0,1.29,5.19,1.29,0,0,0.64,0,0,0,0,0,0,0,0,0,0,0,0,0,0,0,0,0,0,0,0,0,0,0,0,0,0.468,0,0.093,0,0,2.755,66,135,1
t317,0,0,0,0,0.64,0,0,0,0,0,0.64,0.64,0,0,0,0,1.29,0,1.29,5.19,1.29,0,0,0.64,0,0,0,0,0,0,0,0,0,0,0,0,0,0,0,0,0,0,0,0,0,0,0,0,0,0.468,0,0.093,0,0,2.755,66,135,1
t318,0,0,0.3,0,0,0,0,0,0,0.3,0,0.3,0,0,0.3,0.3,0,0.15,0.15,0,0.15,0,0,0,0,0,0,0,0,0,0,0,0,0,0,0,0.76,0,0,0,0,0,0,0,0,0,0,0.3,0.472,0.067,0,0,0.044,0.067,1.607,16,418,1
t319,0.41,0,1.25,0,0.2,0.2,0,0,0,0.41,0,1.25,0,0,0,0.62,1.25,0,4.6,0,2.3,1.67,0.62,0.2,0,0,0,0,0,0,0,0,0,0,0,0,0,0,0.2,0,0,0,0,0,0,0,0,0,0,0.153,0,0.345,0.345,0.306,5.132,37,426,1
t320,0,0,0,0,3.7,0,0,0,0,0,0,0,0,0,0,0,0,0,3.7,0,0,0,0,0,0,0,0,0,0,0,0,0,0,0,0,0,0,0,0,0,0,0,0,0,0,0,0,0,0,0,0,0,0,0,13.166,28,79,1
t321,0.47,0.31,0.47,0,0.07,0.13,0.05,0.26,0.44,0.76,0.26,0.97,0.57,1.26,0,0.26,0.44,0,3.22,0,1.47,0,1.1,0.34,0,0,0,0,0,0,0,0,0,0,0,0,0,0,0,0,0,0,0,0,0.02,0,0,0,0,0.068,0,0.331,0.79,0.159,6.073,193,3043,1
t322,0,0,0.55,0,1.11,0,0,0,0,0,0,0,0.92,0,0.18,0,0.37,0.37,3.15,0,0.92,0,0,0,0,0,0,0,0,0,0,0,0,0,0,0,0,0,0,0,0,0,0,0,0,0,0,0,0,0.185,0,0.464,0,0,1.392,4,78,1
t323,0,0.63,0,0,1.59,0.31,0,0,0.31,0,0,0.63,0,0,1.27,0.63,0.31,3.18,2.22,0,1.91,0,0.31,0.63,0,0,0,0.31,0,0,0,0,0,0,0,0,0,0,0,1.59,0,0,0,0,0,0,0,0,0,0.278,0,0.055,0.501,0,3.509,91,186,1
t324,0,0.56,0.56,0,2.25,0,1.12,0,0,0,0,0.56,0.56,0,0,0.56,3.38,0,3.95,0,2.25,0,0,0,0,0,0,0,0,0,0,0,0,0,0,0,0,0,0,0,0,0,0,0,0,0,0,0,0,0.26,0,1.13,0.347,0,4.875,140,195,1
t325,0,0,0.55,0,1.11,0,0,0,0,0,0,0,0.92,0,0.18,0,0.37,0.37,3.15,0,0.92,0,0,0,0,0,0,0,0,0,0,0,0,0,0,0,0,0,0,0,0,0,0,0,0,0,0,0,0,0.185,0,0.464,0,0,1.392,4,78,1
t326,0,0,0,0,0.94,0,0,0,0,0,0,0,0,0,0,0,0,0,1.88,0,2.83,0,0,0,0,0,0,0,0,0,0,0,0,0,0,0,0,0,0,0,0,0,0,0,0,0,0,0,0,0,0,0.443,0,0,4.652,31,107,1
t327,0.17,0,0.17,0.44,0.17,0,0,0,0,0,0,0.35,0.52,0.17,0,0.08,0.52,0,4.04,0,2.64,1.23,0,0,0,0,0,0,0,0,0,0,0,0,0,0,0.17,0,0,0,0,0,0,0,0,0,0,0,0.709,0.105,0,0,0,0,2.039,18,414,1
t328,0,0,0,0,0,0,0,0,0,0.33,0,0.67,0,0,0,0,0,0,1.68,0,0,0,0,0,0,0,0,0,0,0,0,0,0,0,0.33,0,0,0,0,0,0,0,0,0,0.33,0.33,0,0,0.28,0.28,0,0.112,0.336,0,2.96,19,222,1
t329,0,0,0,0,0,0,0,0,0,0,0,0,0,0,0,0.88,2.65,0,0.88,0,0,0,0,0,0,0,0,0,0,0,0,0,0,0,0,0,0.88,0,0,0,0,0,0,0,0,0,0,0,0,0.14,0,0,0,0,1.512,7,62,1
t330,0,0,0.12,0,0.36,0.24,0,0,0,0,0.12,0.12,0.12,0,0,0,0,0,1.21,0,0.96,0,0,0.12,0,0,0,0,0,0,0,0,0,0,0,0,0,0,0,0,0,0,0,0,0,0,0,0,0,0.043,0,0.693,0,0,1.335,11,195,1
t331,0.19,0.19,0.29,0,1.07,0.19,0.19,0.97,0.87,0.58,0.09,1.07,0.19,0.87,0.09,0,0,1.17,3.81,0.68,1.75,0,0.09,0.29,0,0,0,0,0,0,0,0,0,0,0,0,0,0,0.09,0.09,0,0,0,0,0,0,0,0,0,0,0.202,0.405,0.233,0.031,4.32,49,877,1
t332,0,0,0,0,0,0,0,0,0,0,0,0,0,1.56,0,0,0,0,1.56,6.25,1.56,0,0,0,0,0,0,0,0,0,0,0,0,0,0,0,0,1.56,0,0,0,0,0,0,0,0,0,0,0,0,0,0.754,0.188,0,5.551,119,161,1
t333,0.73,0,0.36,0,0.36,0.36,1.09,0,0,0,0,0.36,0,0,0,0.36,1.83,0.73,2.56,0,1.09,0,0.36,1.09,0,0,0,0,0,0,0,0,0,0,0,0,0,0,0,0,0,0,0,0,0,0,0,0,0,0.183,0,0.427,0.061,0,4.42,192,305,1
t334,0,0,0.22,7.07,0,0,0,0.45,0,0,0,0,0,0,0,0.45,0,0,0.22,0,0.45,0,0,0,0,0,0,0,0,0,0,0,0,0,0,0.22,0,0,0,0,0,0,0,0,0.22,0,0,0,0.153,0.092,0,0,0,0.03,2.47,27,425,1
t335,0,0.19,0,0,0.68,0.09,0.09,0,0.29,0.09,0.48,0.77,0.09,1.65,0,0.58,0.87,0.19,3.21,0,2.43,0,0,0.09,0,0,0,0,0,0,0,0,0,0,0,0,0.29,0,0,0,0,0,0,0,0,0,0,0,0,0.03,0,0.06,0.045,0,1.597,20,329,1
t336,0,0.42,0.42,0,0,0,0,0,0,0,0,0.84,0,0,0,0,0,0.84,2.95,0,2.53,0,0.84,0,0,0,0,0,0,0,0,0,0,0,0,0,0,0,0,0,0,0,0,0,0,0,0,0,0,0.075,0,0.6,0.3,0,4.02,82,197,1
t337,0,0.42,0.42,0,0,0,0,0,0,0,0,0.84,0,0,0,0,0,0.84,2.95,0,2.53,0,0.84,0,0,0,0,0,0,0,0,0,0,0,0,0,0,0,0,0,0,0,0,0,0,0,0,0,0,0.075,0,0.6,0.3,0,4.02,82,197,1
t338,0,0.4,0.4,0,0.4,0,0.4,0,0,2.4,0,0,0,0,0.4,0.8,0,0,2,0.4,2,0,0,0,0,0,0,0,0,0,0.4,0,0.4,0,0,0,0,0,0,0.4,0,0,0,0,0,0,0,0,0,0.232,0,0.116,0.116,0,4.058,54,207,1
t339,0,0,0,0,0,0.63,0.63,0,0,0,0,0,0,0,0,0,0,0,0,0,1.91,0,0,0,0,0,0,0,0,0,0,0,0,0,0,0,0,0,0,0,0,0,0,0,0,0,0,0,0,0,0,0,0.613,0,1.251,12,174,1
t340,0,1.25,0,0,0,0,1.25,0,0,0,0,0,0,0,0,1.25,1.25,1.25,1.25,0,3.75,0,0,0,0,0,0,0,0,0,0,0,1.25,0,0,0,0,0,0,0,0,0,0,0,0,0,0,0,0.199,0,0,0.298,0,0,3.976,32,171,1
t341,0,0,0.79,0,0.26,0,0.26,0.26,0,0,0,1.31,0,0,0,0,0,0.26,1.58,0,0.52,0,0,0,0,0,0,0,0,0,0,0,0,0,0,0.52,0.26,0,0,0.26,0,0,0,0,0,0,0,0.26,0.038,0.038,0,0.077,0,0,1.8,29,171,1
t342,0,0.7,0,0,2.83,0,0,0,0,0.7,0,0.7,0,0,0,1.41,1.41,0,7.09,0,5.67,0,0,0,0,0,0,0,0,0,0,0,0.7,0,0,0,0,0,0,0,0,0,0,0,0,0,0,0,0,0,0,0,0,0.126,4.176,44,142,1
t343,0,0.55,0.55,0,2.22,0,0.55,0,0,0,0,0.55,0.55,0,0,0.55,3.88,0,3.88,0,1.66,0,0,0,0,0,0,0,0,0,0,0,0,0,0,0,0,0,0,0,0,0,0,0,0,0,0,0,0,0.255,0,1.191,0.34,0,4.59,140,202,1
t344,0,0,0.72,0,0.72,0,0.72,0,0,0,0,0,0.72,0,0,0,0,0,1.45,0,1.45,0,0,0.72,0,0,0,0,0,0,0,0,0,0,0,0,0,0,0,0,0,0,0,0,0,0,0,0,0,0.364,0,0.729,0.121,0,7.781,32,249,1
t345,0,0,0.84,0,0.84,0,0.84,0,0,0,0,0,0.84,0,0,0,0,0,2.54,0,1.69,0,0,0.84,0,0,0,0,0,0,0,0,0,0,0,0,0,0,0,0,0,0,0,0,0,0,0,0,0,0.388,0,0.776,0.129,0,10.375,168,249,1
t346,0,0,0.72,0,0.72,0,0.72,0,0,0,0,0,0.72,0,0,0,0,0,1.45,0,1.45,0,0,0.72,0,0,0,0,0,0,0,0,0,0,0,0,0,0,0,0,0,0,0,0,0,0,0,0,0,0.364,0,0.729,0.121,0,7.781,32,249,1
t347,0,1.22,0.81,0,0.4,0,0.81,0.4,0,0.81,0,0.4,2.04,0,0,3.27,0,1.22,0.81,0,0.4,0,2.04,0,0,0,0,0,0,0,0,0,0,0,0,0,0.4,0,0,0,0,0,0,0,0,0,0,0,0,0.64,0,0.64,0.8,0,7.651,181,505,1
t348,0.34,0.05,0.58,0,0.63,0.17,0,0,0.75,0.23,0.34,1.27,0.34,0,0,0.58,0.05,0.17,3.01,2.61,1.5,0,0.17,0.34,0,0,0,0,0,0,0,0,0,0,0,0,0,0,0,0,0,0,0,0,0,0,0,0,0,0.204,0,0.13,0.186,0.027,4.225,131,1107,1
t349,0.71,0,0,0,5,0,0,0,0,0,0,0,0,0,0,2.85,0,0,2.14,0,0,0,0,0.71,0,0,0,0,0,0,0,0,0,0,0,0,0,0,0,0,0,0,0,0,0,0,0,0,0,0,0,1.417,0,0,3.029,12,103,1
t350,0.65,0,0,0,1.3,0,0,0,0,0,0.65,1.3,0.65,0,0,1.3,1.3,0,2.61,0,3.26,0,0,0,0,0,0,0,0,0,0,0,0,0,0,0,0,0,0,0,0,0,0,0,0.65,0,0,0,0,0,0,0.515,0.103,0,2.04,12,51,1
t351,0,0,0,0,0,0,1.61,0,0,1.61,0,1.61,0,0,0,0,0,0,3.22,0,0,0,0,0,0,0,0,0,0,0,0,0,0,0,0,0,0,0,0,0,0,0,0,0,0,0,0,0,0,0,0,0.23,0,0,4.941,60,84,1
t352,0,0,0,0,0.32,0,0,0.32,0.32,0.64,0,1.28,0,0,0,2.56,0.96,0,3.84,0,0.96,0,0,0,0,0,0,0,0,0,0,0,0,0,0,0,0,0,0,0,0,0,0,0,0,0,0,0,0,0.098,0.049,0.492,0,0,2.184,25,166,1
t353,0,0.64,0.64,0,0.64,0,0.64,0,2.59,1.29,1.29,1.94,0,0,0,0.64,0.64,0.64,3.24,0,2.59,0,0,0,0,0,0,0,0,0,0,0,0,0,0,0,0,0,0,0,0,0,0,0,0,0,0,0,0,0,0,0.233,0,0,1.136,4,25,1
t354,0,0,0,0,0.49,0,0.98,0,0,0,0,0.98,0,0,0,0,0.98,0,2.45,0,1.96,0,0,0,0,0,0,0,0,0,0,0,0,0,0,0,0,0,0,0,0,0,0,0,0,0,0,0,0.064,0.258,0,0.645,0.064,0.064,3.552,25,135,1
t355,0.44,0,0.88,0,0.44,1.32,0,0,0,0,0,0,0,0,0,0,0,0.44,1.76,0,2.2,0,2.2,0,0,0,0,0,0,0,0,0,0,0,0,0,0,0,0,0,0,0,0,0,0,0,0,0,0.222,0,0,0.444,0.37,0,2.413,16,140,1
t356,0,0,0.69,0,0.69,0,0.69,0,0,0,0,0,0.69,0,0,0,0,0,1.38,0,2.08,0,0,0.69,0,0,0,0,0,0,0,0,0,0,0,0,0,0,0,0,0,0,0,0,0,0,0,0,0,0.35,0,0.701,0.116,0,8.781,34,281,1
t357,0.44,0,0.88,0,0.44,1.32,0,0,0,0,0,0,0,0,0,0,0,0.44,1.76,0,2.2,0,2.2,0,0,0,0,0,0,0,0,0,0,0,0,0,0,0,0,0,0,0,0,0,0,0,0,0,0.222,0,0,0.444,0.37,0,2.413,16,140,1
t358,0.44,0,0.88,0,0.44,1.32,0,0,0,0,0,0,0,0,0,0,0,0.44,1.76,0,2.2,0,2.2,0,0,0,0,0,0,0,0,0,0,0,0,0,0,0,0,0,0,0,0,0,0,0,0,0,0.222,0,0,0.444,0.37,0,2.413,16,140,1
t359,0.44,0,0.88,0,0.44,1.32,0,0,0,0,0,0,0,0,0,0,0,0.44,1.76,0,2.2,0,2.2,0,0,0,0,0,0,0,0,0,0,0,0,0,0,0,0,0,0,0,0,0,0,0,0,0,0.222,0,0,0.444,0.37,0,2.448,16,142,1
t360,0,0,0,0,0,0,0,0,0,0,0,0.59,0,0,0,0.59,0,0,1.18,0,0,0,0,0,0,0,0,0,0,0,0,0,0,0,0,0,0,0,0,0,0,0,0,0,0,0,0,0,0,0.177,0,0.443,0.088,0,1.693,16,83,1
t361,0.1,0.2,1.01,0,0.8,0.8,0.5,0,0.8,0.1,0.3,0.7,0.3,0,1.61,0.1,0,1.11,1.31,0.2,0.7,0,0.6,0.1,0,0,0,0,0,0,0,0,0,0,0,0,0,0,0,0,0,0,0.2,0,0.1,0.1,0,0,0,0.11,0,0.49,0.158,0.015,8.55,669,1351,1
t362,0,0,1.66,0,1.66,0,1.66,0,0,0,0,1.66,0,0,0,3.33,0,0,1.66,0,0,0,0,0,0,0,0,0,0,0,0,0,0,0,0,0,0,0,0,0,0,0,0,0,0,0,0,0,0,0.284,0,1.424,0,0,24.333,59,146,1
t363,0.1,0.2,1.01,0,0.8,0.8,0.5,0,0.8,0.1,0.3,0.7,0.3,0,1.61,0.1,0,1.11,1.31,0.2,0.7,0,0.6,0.1,0,0,0,0,0,0,0,0,0,0,0,0,0,0,0,0,0,0,0.2,0,0.1,0.1,0,0,0,0.11,0,0.49,0.158,0.015,8.55,669,1351,1
t364,0.17,0.17,0,0,0.52,0,0,0.43,0,0.17,0.17,0.35,0,0,0,0.87,0,0,1.4,0.17,0.87,0,0,0.17,0,0,0,0,0,0,0,0,0,0,0,0,0,0,0,0,0,0,0,0,0,0,0,0,0,0.376,0,0.25,0.721,0,2.742,35,617,1
t365,0,0,0.8,0,0.8,1.61,0,0,0,0,0,0.8,1.61,0,0,0,0,0,4.03,0,0,0,0,0,0,0,0,0,0,0,0,0,0,0,0,0,0,0,0,0,0,0,0,0,0,0,0,0,0,0,0,0.875,0,0,6,48,138,1
t366,0,0.52,1.05,0,2.63,0.52,1.05,0,0,0,0.52,1.05,0,0,0,1.05,1.05,1.05,4.21,0,1.57,0,0.52,0,0,0,0,0,0,0,0,0,0.52,0,0,0,0,0,0,0,0,0,0,0,0,0,0,0,0,0,0.091,1.276,0.729,0.091,3.062,19,98,1
t367,0.17,0,0.17,0,1.45,0.34,0.05,0.05,0.05,0.05,0.05,0.52,0.29,0.05,0,0,0.69,0.05,4.24,0.23,1.04,0,0.75,0.05,0,0,0,0,0,0,0,0,0,0,0,0,0,0,0,0,0,0,0,0,0,0,0,0,0.01,0.051,0,0.02,0.163,0,1.796,12,458,1
t368,0.17,0.17,0,0,0.52,0,0,0.52,0,0.17,0.17,0.34,0,0,0,0.87,0,0,1.39,0.17,0.87,0,0,0.17,0,0,0,0,0,0,0,0,0,0,0,0,0,0,0,0,0,0,0,0,0,0,0,0,0,0.373,0,0.342,0.716,0,2.973,35,336,1
t369,0,0,0,0,0,0,0,0,0,0,0,0,0,0,0,0,0,0,2.46,0,2.46,0,0,0,0,0,0,0,0,0,0,0,0,0,0,0,0,0,0,0,0,0,0,0,0,0,0,0,0,0,0,0.415,0,0,1.909,9,42,1
t370,0.1,0.3,0.4,0,0.2,0.9,0.2,0.5,0.8,0.8,0.2,0.8,0,0,1.5,0,0.2,1.6,2.2,0.2,1,0,0.1,0.2,0,0,0,0,0,0,0,0,0,0,0,0,0,0,0,0,0,0,0.2,0,0,0,0,0,0,0.175,0,0.307,0.175,0.014,6.937,669,1214,1
t371,0,0,1.04,0,1.04,0,0,1.39,0.34,0,0,0.34,0,0,0,0,0,0,3.83,2.09,1.04,0,0.34,0,0,0,0,0,0,0,0,0,0,0,0,0,0,0,0,0,0,0,0,0,0,0,0,0,0,0.105,0,0.157,0.105,0,2.366,60,142,1
t372,0,0.89,1.14,0,0.12,0,0,0.12,0.25,0.12,0.12,0.38,0.12,0,1.14,0,0.12,2.04,2.8,0.12,1.27,0,0,0.12,0,0,0,0,0,0,0,0,0,0,0,0.12,0,0,0,0,0,0,0,0,0,0,0,0,0,0.185,0,0.371,0.061,0,2.878,84,475,1
t373,0,0.89,1.15,0,0.12,0,0,0.12,0.25,0.12,0.12,0.38,0.12,0,1.15,0,0.12,2.04,2.81,0.12,1.27,0,0,0.12,0,0,0,0,0,0,0,0,0,0,0,0.12,0,0,0,0,0,0,0,0,0,0,0,0,0,0.185,0,0.37,0.061,0,2.878,84,475,1
t374,0.29,0.19,0.68,0,0,0.58,0,0.58,0.58,0.77,0,0.58,0.38,0,0.97,0,0.19,1.46,1.75,0.38,0.77,0,0.58,0.68,0,0,0,0,0,0,0,0,0,0,0.09,0,0,0,0,0,0,0,0,0,0,0,0,0,0,0.034,0,0.569,0.207,0.034,12.064,691,1689,1
t375,0.31,0.2,0.72,0,0,0.62,0,0.62,0.62,0.93,0,0.62,0.41,0,1.04,0,0.2,1.56,1.87,0.41,0.83,0,0.62,0.72,0,0,0,0,0,0,0,0,0,0,0.1,0,0,0,0,0,0,0,0,0,0,0,0,0,0,0,0,0.548,0.199,0.033,14.301,685,1516,1
t376,0,0.3,0.3,0,0.61,0.3,0,0,0,0.3,0.3,0.3,0,0,0,0.92,0,0,0.61,0,0,0,0,0,0,0,0,0,0,3.38,0,0,0,0,0,0,0,0,0,0,0,0,0,0.3,0,0,0,0,0,0.094,0,0,0,0,2.141,38,212,1
t377,0,0,0,0,1.13,0,1.13,0,0,0,0,0,0,0,0,1.13,1.13,0,1.13,0,0,0,0,0,0,0,0,0,0,0,0,0,1.13,0,0,0,0,0,0,0,0,0,0,0,0,0,0,0,0,0.319,0,0,0,0.479,3.925,17,106,1
t378,0.17,0,0.17,0,1.45,0.34,0.05,0.05,0.05,0.05,0.05,0.52,0.29,0.05,0,0,0.69,0.05,4.24,0.23,1.04,0,0.75,0.05,0,0,0,0,0,0,0,0,0,0,0,0,0,0,0,0,0,0,0,0,0,0,0,0,0.01,0.051,0,0.02,0.163,0,1.796,12,458,1
t379,0,0,0,0,0.32,0.64,0,0,0,0.64,0,0.32,0,0,0,0,0,0,1.94,0,0,0,0,0,0,0,0,0,0,0.97,0,0,0,0,0,0,0,0,0,0,0,0,0,0,0,0,0,0,0,0.052,0,0.263,0.105,0,3.418,110,188,1
t380,0.31,0.2,0.72,0,0,0.62,0,0.62,0.62,0.93,0,0.62,0.31,0,1.14,0,0.2,1.56,1.87,0.41,0.83,0,0.62,0.72,0,0,0,0,0,0,0,0,0,0,0.1,0,0,0,0,0,0,0,0,0,0,0,0,0,0,0,0,0.548,0.199,0.033,14.283,685,1514,1
t381,0,0.39,0.99,0,0.39,0,0.19,0,0.19,0.19,0,0.39,0,0,0,0,0.19,0.19,0.59,0.59,0.39,0,0.19,0.39,0,0,0,0.59,0,0,0,0,0,0,0,0.19,0,0,0,0,0,0,0,0,0,0,0,0,0,0.074,0,0.174,0.548,0,4.965,97,993,1
t382,0,0,0,0,0.43,0.86,0,0,0,0,0,0,0,0,0,0,0,0,2.17,0,0,0,0,0,0,0,0,0,0,0.86,0,0,0,0,0,0,0,0,0,0,0,0,0,0,0,0,0,0,0,0.068,0,0,0,0,2.923,55,114,1
t383,0.1,0.5,0.6,0,0.3,0.2,0,0,0.1,0.4,0,1.6,0.2,0,0,0,0.1,0,3.81,0,1.1,0,0,0.1,0,0,0,0,0,0,0,0,0,0,0,0,0,0,0,0,0,0,0,0,0,0,0,0,0.78,0.037,0,5.942,1.334,0,5.838,54,724,1
t384,0.39,0,0,0,0,0.39,0,0,0,0,0,1.19,0,0,0,0.39,0.39,0,2.39,0,2.78,0,1.19,0.39,0,0,0,0,0,0,0,0,0,0,0,0,0,0,0,0,0,0,0,0,0,0,0,0,0,0,0,0.64,0.256,0,3.5,30,112,1
t385,0,0,0,0,0,1.25,0,0,0,0,0,0,0,0,0,0,0,0,1.25,0,0,0,0,0,0,0,0,0,0,0.62,0,0,0,0,0,0,0,0,0,0,0,0,0,0,0,0,0,0,0,0.098,0,0.392,0,0,3.965,67,115,1
t386,0,0,0,0,0.54,0.27,0,1.62,0,1.62,0,0,0,0,0.54,0,0,0.27,2.16,0,2.7,0,0,0,0,0,0,0,0,0,0,0,0,0,0,1.35,0,0,0,1.62,0,0,0,0,0,0,0,0,0,0.038,0.038,0.463,0,0,7.941,65,405,1
t387,0,0,0.26,0,0.26,0,0,0,0,0,0.26,1.06,0,0.26,0.26,0.8,0,0.26,1.33,0,0,0,0,0,0,0,0,0,0,0,0,0,0,0,0,0,0,0,0,0,0,0,0,0,0,0,0,0,0,0.299,0,0.471,0,0,2.088,15,188,1
t388,0,0.9,0,0,0.9,0,0.9,0,0,0.9,0,0,0,0,0,1.81,0,1.81,1.81,0,0,0,0,0,0,0,0,0,0,0,0,0,0,0,0,0.9,0,0,0,0,0,0,0,0,0,0,0,0,0,0.319,0,1.492,0,19.829,5.3,66,106,1
t389,0.44,0.44,0,0,0,0,0,0,0,2.64,0,1.76,0,0,0,0,0,0.44,2.64,0,0.44,0,0,0,0,0,0,0,0,0,0,0,0,0,0,0,0,0,0,0,0,0,0,0,0,0,0,0,0,0.231,0,0,0.231,0,5.977,70,263,1
t390,0,0.55,0.55,0,0.55,0,0,0.55,0,0,0,1.11,0,0,0,1.11,0,0.55,1.66,0,2.22,0,0.55,0,0,0,0,0,0,0,0,0,0,0,0,0,0,0,0,0,0,0,0,0.55,0,0,0,0,0,0,0,0.484,0.08,0,8.375,85,201,1
t391,0,0,0,0,1.21,0,0.8,0,0,0.8,0.4,0.8,0.4,0,0,1.61,0,0,1.61,0,1.21,0.8,0,0,0,0,0,0,0,0,0,0,0,0,0,0,0,0,0,0,0,0,0,0,0,0,0,0,0,0.07,0,0.21,0,0.07,4.49,24,229,1
t392,0,0.53,0,0,1.06,0,1.6,0,0,0.53,0,0,0,0,